entry_time,exit_time,type,signal_type,entry_price,exit_price,qty,leverage,initial_margin_used,entry_fee,exit_fee,fees_total,pnl_gross,pnl_net,exit_reason
2021-01-11 17:30:00+00:00,2021-01-11 21:00:00+00:00,SHORT,downtrend_breakdown,2.75902407,2.95649562,3443.2465099878596,1.0,9500.0,5.9375,6.362464515849621,12.29996451584962,-679.943225359393,-692.2431898752426,stop_loss
2021-01-22 00:30:00+00:00,2021-01-22 00:30:00+00:00,SHORT,downtrend_breakdown,2.81281869,2.7568379724316197,3143.5972041335235,1.0,8842.36896961852,5.5264806060115745,5.416492588990732,10.942973195002306,175.98082723334838,165.03785403834607,target
2021-02-16 19:00:00+00:00,2021-02-16 20:30:00+00:00,SHORT,downtrend_breakdown,8.22777714,8.06402791935972,1093.752878551466,1.0,8999.154930954948,5.624471831846843,5.512533593449428,11.13700542529627,179.10118143586584,167.96417601056956,target
2021-02-26 00:00:00+00:00,2021-02-26 00:00:00+00:00,SHORT,downtrend_breakdown,13.84751511,13.57192186428078,661.3981516114042,1.0,9158.72089816499,5.724200561353118,5.610277521781069,11.334478083134186,182.2768633152795,170.94238523214534,target
2021-03-13 00:00:00+00:00,2021-03-13 00:00:00+00:00,SHORT,downtrend_breakdown,14.57814204,14.288007857119918,639.38985767596,1.0,9321.116164135528,5.825697602584706,5.709754568898064,11.53545217148277,185.50885389862592,173.97340172714314,target
2021-04-03 16:30:00+00:00,2021-04-03 17:30:00+00:00,SHORT,downtrend_breakdown,21.384161369999998,20.95857379041426,443.61762575757785,1.0,9486.390895776312,5.928994309860196,5.810995465105358,11.739989774965554,188.79815160773921,177.05816183277366,target
2021-05-23 17:00:00+00:00,2021-05-23 17:00:00+00:00,SHORT,downtrend_breakdown,21.525847199999998,23.498349599999997,448.51178491676046,1.0,9654.596149517449,6.034122593448406,6.587054201058777,12.621176794507182,-884.6905721765937,-897.3117489711009,stop_loss
2021-06-12 00:00:00+00:00,2021-06-12 00:00:00+00:00,SHORT,downtrend_breakdown,36.1533843,35.4338596456614,243.4668332832924,1.0,8802.1499879949,5.501343742496813,5.391855999333642,10.893199741830454,175.18038906107432,164.28718931924388,target
2021-06-23 16:30:00+00:00,2021-06-23 17:00:00+00:00,SHORT,downtrend_breakdown,30.0959901,29.4970197050298,297.6550293937059,1.0,8958.222817848182,5.598889261155114,5.487460167079604,11.086349428234719,178.28655052081507,167.20020109258036,target
2021-07-12 19:00:00+00:00,2021-07-13 12:30:00+00:00,SHORT,downtrend_breakdown,30.2249772,29.6234397037656,301.64002932270637,1.0,9117.063008886133,5.698164380553833,5.584759513052051,11.282923893605883,181.44778800285172,170.16486410924583,target
2021-08-25 00:30:00+00:00,2021-08-25 08:00:00+00:00,SHORT,downtrend_breakdown,70.472952,69.07039930929601,131.68845986687927,1.0,9280.47451115251,5.800296569470318,5.684859067144721,11.48515563661504,184.70000372095708,173.21484808434207,target
2021-10-11 21:30:00+00:00,2021-10-12 12:30:00+00:00,SHORT,downtrend_breakdown,141.275871,138.464198615358,66.86151386000623,1.0,9445.918606950952,5.9036991293443455,5.786203709272134,11.68990283861648,187.99267211553843,176.30276927692194,target
2021-11-12 15:30:00+00:00,2021-11-12 17:30:00+00:00,SHORT,downtrend_breakdown,223.3916586,229.30592829999998,43.042062145233615,1.0,9615.23765218801,6.009523532617507,6.168625010099427,12.178148542716933,-254.5623639710712,-266.74051251378813,stop_loss
2021-11-18 16:00:00+00:00,2021-11-18 16:00:00+00:00,SHORT,downtrend_breakdown,197.00629740000002,193.0854780691452,47.525102214154145,1.0,9362.74442076705,5.851715262979407,5.73525442581559,11.586969688794998,186.3373394621064,174.7503697733114,target
2021-12-04 00:00:00+00:00,2021-12-04 00:30:00+00:00,SHORT,downtrend_breakdown,211.5508428,207.34055792659439,45.04239806342997,1.0,9528.757272051698,5.955473295032312,5.836947465514578,11.79242076054689,189.64132722837346,177.84890646782657,target
2021-12-13 16:00:00+00:00,2021-12-13 19:00:00+00:00,SHORT,downtrend_breakdown,158.06419200000002,154.918398450816,61.3530086130838,1.0,9697.713733196133,6.061071083247583,5.940443646548789,12.001514729796373,193.00389871807067,181.0023839882743,target
2021-12-28 19:30:00+00:00,2021-12-29 12:00:00+00:00,SHORT,downtrend_breakdown,177.872211,174.33219825667797,55.487397061618545,1.0,9869.665997984994,6.168541248740621,6.045774940808184,12.214316189548805,196.42609269189865,184.21177650234986,target
2022-01-05 22:30:00+00:00,2022-01-05 22:30:00+00:00,SHORT,downtrend_breakdown,149.835015,146.85299853146998,67.0506252132219,1.0,10046.531434582483,6.279082146614051,6.154115853732138,12.43319800034619,199.9460686110619,187.51287061071568,target
2022-01-17 17:00:00+00:00,2022-01-17 21:00:00+00:00,SHORT,downtrend_breakdown,140.835915,138.03299861967,72.59986674324276,1.0,10224.668661662663,6.3904179135391646,6.263235816223909,12.653653729763073,203.4913557044106,190.83770197464756,target
2022-01-22 15:30:00+00:00,2022-01-22 15:30:00+00:00,SHORT,downtrend_breakdown,94.740525,92.85499907145,109.83646626972542,1.0,10405.964478538579,6.503727799086612,6.37429060842919,12.878018407515802,207.09950505187584,194.22148664436003,target
2022-02-08 20:00:00+00:00,2022-02-08 20:30:00+00:00,SHORT,downtrend_breakdown,110.768922,113.201319,95.60872038504372,1.0,10590.474890850719,6.619046806781699,6.764395784680711,13.38344259146241,-232.55836463841868,-245.9418072298811,stop_loss
2022-02-12 00:00:00+00:00,2022-02-12 06:30:00+00:00,SHORT,downtrend_breakdown,96.44035500000001,94.52099905479001,107.39104158194287,1.0,10356.830173982333,6.473018858738958,6.344192837412336,12.817211696151293,206.12163412259642,193.30442242644511,target
2022-02-12 15:30:00+00:00,2022-02-12 16:00:00+00:00,SHORT,downtrend_breakdown,94.09058999999999,95.82958199999999,112.02469211094817,1.0,10540.469375287457,6.587793359554661,6.709549636669287,13.297342996223948,-194.81004338340153,-208.1073863796255,stop_loss
2022-02-17 20:00:00+00:00,2022-02-17 21:00:00+00:00,SHORT,downtrend_breakdown,94.850514,92.962799070372,109.05347511586704,1.0,10343.7781682262,6.464861355141375,6.33619768445135,12.801059039592726,205.8618731040382,193.06081406444548,target
2022-02-18 19:00:00+00:00,2022-02-19 11:30:00+00:00,SHORT,downtrend_breakdown,90.540945,88.73899911260999,116.26989249546074,1.0,10527.185941587422,6.5794912134921395,6.448546179361219,13.028037392853358,209.51205460947347,196.48401721662012,target
2022-04-06 16:00:00+00:00,2022-04-06 16:30:00+00:00,SHORT,downtrend_breakdown,117.578241,115.238198847618,91.13807663535027,1.0,10715.854738907685,6.697409211817303,6.564117373683715,13.261526585501016,213.26694101374176,200.00541442824073,target
2022-04-11 16:30:00+00:00,2022-04-11 17:00:00+00:00,SHORT,downtrend_breakdown,101.539845,103.750374,107.40473242414852,1.0,10905.859882614515,6.816162426634072,6.964550723984585,13.780713150618658,-237.42127576081995,-251.2019889114386,stop_loss
2022-04-26 20:00:00+00:00,2022-04-26 23:00:00+00:00,SHORT,downtrend_breakdown,96.480351,94.560199054398,110.56363168857717,1.0,10667.217993148648,6.667011245717905,6.534324387905627,13.201335633623533,212.2989724996445,199.09763686602096,target
2022-04-30 23:30:00+00:00,2022-05-05 00:30:00+00:00,SHORT,downtrend_breakdown,84.471552,93.839383,128.52091018963839,1.0,10856.36074817137,6.785225467607106,7.537701821746299,14.322927289353405,-1203.9621666227097,-1218.285093912063,stop_loss
2022-05-05 18:00:00+00:00,2022-05-05 18:00:00+00:00,SHORT,downtrend_breakdown,83.071692,81.418399185816,116.92291988742859,1.0,9712.984788629143,6.070615492893214,5.949798103353653,12.020413596246868,193.30782326329705,181.28740966705018,target
2022-05-09 20:30:00+00:00,2022-05-09 20:30:00+00:00,SHORT,downtrend_breakdown,67.44325500000001,66.10099933899001,146.57074051086119,1.0,9885.207827812843,6.178254892383027,6.05529526351482,12.233550155897847,196.7354061891312,184.50185603323337,target
2022-05-11 20:30:00+00:00,2022-05-11 20:30:00+00:00,SHORT,downtrend_breakdown,47.345265000000005,46.402999535970004,212.49188469099104,1.0,10060.484591044415,6.28780286940276,6.162663016695906,12.450465886098666,200.22376433096613,187.77329844486746,target
2022-05-18 17:30:00+00:00,2022-05-18 23:00:00+00:00,SHORT,downtrend_breakdown,50.854914,49.842799501572,201.3349039301696,1.0,10238.869224567037,6.399293265354398,6.271934530787315,12.671227796141714,203.77397530733273,191.102747511191,target
2022-06-01 19:30:00+00:00,2022-06-01 20:00:00+00:00,SHORT,downtrend_breakdown,40.815918,40.003599599964,255.30276777561807,1.0,10420.41683470267,6.512760521689168,6.38314356178651,12.895904083475678,207.38713584425395,194.49123176077828,target
2022-06-06 16:00:00+00:00,2022-06-06 16:00:00+00:00,SHORT,downtrend_breakdown,42.805719,41.953799580462004,247.75155639542947,1.0,10605.183504875407,6.6282396905471295,6.496324464225861,13.12456415477299,211.06436211403025,197.93979795925725,target
2022-06-11 15:30:00+00:00,2022-06-11 15:30:00+00:00,SHORT,downtrend_breakdown,33.926607,33.251399667486,318.13456361659456,1.0,10793.226312936702,6.7457664455854385,6.611512201785397,13.357278647370835,214.8067900800659,201.44951143269506,target
2022-06-29 18:00:00+00:00,2022-06-29 20:00:00+00:00,SHORT,downtrend_breakdown,34.086591000000006,35.0035,322.2558497796907,1.0,10984.60334879776,6.8653770929986,7.050051648602128,13.915428741600728,-295.4792889656454,-309.3947177072461,stop_loss
2022-08-17 20:00:00+00:00,2022-08-18 23:00:00+00:00,SHORT,downtrend_breakdown,40.725927,39.915399600845994,262.50300863565064,1.0,10690.678366975877,6.681673979359923,6.548695303822702,13.230369283182625,212.7658808595551,199.53551157637247,target
2022-08-26 19:00:00+00:00,2022-08-26 22:30:00+00:00,SHORT,downtrend_breakdown,32.886711,32.232199677678,330.9328570018972,1.0,10883.29322862572,6.802058267891075,6.666683704243507,13.468741972134582,216.59930183610953,203.13055986397495,target
2022-08-27 19:00:00+00:00,2022-08-28 10:30:00+00:00,SHORT,downtrend_breakdown,31.046895000000003,32.0032,356.75925919472775,1.0,11076.267260496497,6.922667037810311,7.135898702412945,14.058565740223255,-341.170663364213,-355.22922910443623,stop_loss
2022-09-13 21:00:00+00:00,2022-09-13 23:00:00+00:00,SHORT,downtrend_breakdown,33.866613,33.192599668074,317.15432633091103,1.0,10740.942831124674,6.713089269452921,6.57948536681227,13.292574636265192,213.7662442250427,200.4736695887775,target
2022-09-18 19:30:00+00:00,2022-09-18 21:00:00+00:00,SHORT,downtrend_breakdown,32.436755999999995,31.791199682087992,337.0063522145683,1.0,10931.392817234011,6.832120510771257,6.696147648365886,13.528268159137143,217.55657984859246,204.0283116894553,target
2022-09-26 00:00:00+00:00,2022-09-26 18:00:00+00:00,SHORT,downtrend_breakdown,32.306769,33.473347,344.36188011679513,1.0,11125.219713338995,6.953262320836871,7.204340441701177,14.157602762538048,-401.7249933828886,-415.88259614542665,stop_loss
2022-09-27 21:00:00+00:00,2022-09-28 02:00:00+00:00,SHORT,downtrend_breakdown,32.626737000000006,31.977399680226004,328.94111805832773,1.0,10732.27534737501,6.707672092109382,6.57417600213222,13.281848094241603,213.5937439634581,200.3118958692165,target
2022-10-20 00:30:00+00:00,2022-10-20 18:00:00+00:00,SHORT,downtrend_breakdown,28.847115000000002,28.272999717270004,378.67191412582383,1.0,10923.592254057765,6.827245158786103,6.691369325635943,13.518614484422045,217.40133304025704,203.882718555835,target
2022-10-20 23:00:00+00:00,2022-10-21 00:00:00+00:00,SHORT,downtrend_breakdown,28.217178,27.655599723444,394.064233824177,1.0,11119.380629250423,6.949612893281515,6.811301697479426,13.76091459076094,221.29791328334272,207.5369986925818,target
2022-11-02 17:00:00+00:00,2022-11-02 17:00:00+00:00,SHORT,downtrend_breakdown,31.546845,31.433142999999998,358.75501936470494,1.0,11317.588988870346,7.073493118043967,7.047998641036587,14.121491759080554,40.791163211806946,26.66967145272639,stop_loss
2022-11-06 22:30:00+00:00,2022-11-06 23:00:00+00:00,SHORT,downtrend_breakdown,33.566643,32.898599671014,337.92253746525785,1.0,11342.925176750436,7.089328235469022,6.948236424926717,14.037564660395738,225.7468968676878,211.70933220729208,target
2022-11-09 16:30:00+00:00,2022-11-09 17:30:00+00:00,SHORT,downtrend_breakdown,12.6157383,12.3646598763534,915.0514038760112,1.0,11544.049042347364,7.215030651467103,7.071437111441604,14.286467762908707,229.74966404079737,215.46319627788867,target
2022-12-16 16:30:00+00:00,2022-12-16 22:30:00+00:00,SHORT,downtrend_breakdown,12.8137185,12.558699874413,916.8875591274583,1.0,11748.739078811357,7.342961924257098,7.1968222960405335,14.539784220297632,233.82340514650417,219.28362092620654,target
2022-12-27 18:00:00+00:00,2022-12-27 23:00:00+00:00,SHORT,downtrend_breakdown,10.7939205,11.1161115,1107.7586238189592,1.0,11957.058518691252,7.473161574182033,7.696230235911318,15.169391810093352,-356.9098587668544,-372.0792505769478,stop_loss
2022-12-29 22:00:00+00:00,2022-12-29 22:30:00+00:00,SHORT,downtrend_breakdown,8.308169099999999,9.480948,1396.6474551707372,1.0,11603.583230643153,7.252239519151971,8.275963685503806,15.528203204655776,-1637.9586661629376,-1653.4868693675933,stop_loss
2023-01-24 23:30:00+00:00,2023-01-25 00:00:00+00:00,SHORT,downtrend_breakdown,22.8947103,22.4390597756094,438.21348133607694,1.0,10032.770704743938,6.270481690464962,6.145686563861329,12.41616825432629,199.67220256581336,187.2560343114871,target
2023-02-05 17:30:00+00:00,2023-02-05 21:00:00+00:00,SHORT,downtrend_breakdown,23.4716526,23.0045197699548,435.0614774705724,1.0,10211.611858832002,6.382257411770001,6.2552377247609545,12.637495136530955,203.23149921447373,190.59400407794277,target
2023-02-09 22:30:00+00:00,2023-02-09 22:30:00+00:00,SHORT,downtrend_breakdown,21.136886099999998,20.716219792837798,491.6843528198815,1.0,10392.676162706048,6.49542260169128,6.36615070107242,12.8615733027637,206.83504099017594,193.97346768741224,target
2023-02-25 17:30:00+00:00,2023-02-25 18:30:00+00:00,SHORT,downtrend_breakdown,22.3097688,21.865759781342398,474.09505010240576,1.0,10576.950957009089,6.610594348130681,6.479030299414183,13.089624647544863,210.50247794639625,197.4128532988514,target
2023-03-04 20:00:00+00:00,2023-03-04 21:30:00+00:00,SHORT,downtrend_breakdown,20.6729325,20.261499797385003,520.7047025206994,1.0,10764.493167642999,6.727808229776874,6.593911390387855,13.321719620164728,214.23494302243023,200.9132234022655,target
2023-03-07 20:30:00+00:00,2023-03-08 05:30:00+00:00,SHORT,downtrend_breakdown,19.970002800000003,19.572559804274402,548.590845959979,1.0,10955.36072987515,6.847100456171969,6.710829462893234,13.557929919065202,218.03358924597597,204.47565932691077,target
2023-03-10 00:30:00+00:00,2023-03-10 01:00:00+00:00,SHORT,downtrend_breakdown,17.173282500000003,16.831499831685004,649.3031877802867,1.0,11150.667071901415,6.9691669199383846,6.83046655989777,13.799633479836155,221.92057606498076,208.12094258514463,target
2023-03-24 17:30:00+00:00,2023-03-24 18:00:00+00:00,SHORT,downtrend_breakdown,20.6989299,20.2869797971302,548.2593555407568,1.0,11348.381967357302,7.092738729598314,6.951579043401848,14.044317773000163,225.85549791434445,211.8111801413443,target
2023-04-02 21:30:00+00:00,2023-04-03 01:30:00+00:00,SHORT,downtrend_breakdown,20.4609537,20.0537397994626,564.4703936010362,1.0,11549.60258849158,7.218501617807237,7.0748389986096365,14.293340616416874,229.86019071615928,215.5668500997424,target
2023-04-08 22:00:00+00:00,2023-04-10 16:30:00+00:00,SHORT,downtrend_breakdown,20.137986,20.5110509,583.7470978875474,1.0,11755.49088480006,7.347181803000037,7.48329152343673,14.830473326436767,-217.77555269870766,-232.60602602514442,stop_loss
2023-04-19 21:30:00+00:00,2023-04-19 23:00:00+00:00,SHORT,downtrend_breakdown,22.7737224,22.3204797767952,506.77783268500446,1.0,11541.217680041938,7.213261050026212,7.06970272860859,14.282963778634802,229.69331426819517,215.41035048956036,target
2023-04-21 23:00:00+00:00,2023-04-25 08:00:00+00:00,SHORT,downtrend_breakdown,21.2218776,20.799519792004798,553.4787135426236,1.0,11745.85751300702,7.341160945629388,7.195057160489471,14.53621810611886,233.76605622386643,219.22983811774756,target
2023-04-26 20:00:00+00:00,2023-04-26 20:00:00+00:00,SHORT,downtrend_breakdown,21.066893099999998,20.647619793523795,568.0257944799364,1.0,11966.538690351388,7.479086681469617,7.3302378983350085,14.809324579804626,238.15805301537512,223.34872843557048,target
2023-05-01 16:00:00+00:00,2023-05-02 18:30:00+00:00,SHORT,downtrend_breakdown,21.870812700000002,22.3042302,556.8480764487173,1.0,12178.719982365179,7.611699988978237,7.762542302212117,15.374242291190354,-241.34770117421044,-256.7219434654008,stop_loss
2023-05-03 16:00:00+00:00,2023-05-03 17:00:00+00:00,SHORT,downtrend_breakdown,21.3158682,21.472147,560.0675386994192,1.0,11938.325838015218,7.461453648759512,7.516157825551324,14.977611474310836,-87.52668286689826,-102.50429434120909,stop_loss
2023-05-08 18:00:00+00:00,2023-05-08 18:00:00+00:00,SHORT,downtrend_breakdown,20.416958100000002,20.010619799893803,579.9564607222791,1.0,11840.946758391068,7.400591723994418,7.2533051475034815,14.6538968714979,235.65852238549863,221.00462551400074,target
2023-05-11 18:30:00+00:00,2023-05-12 12:00:00+00:00,SHORT,downtrend_breakdown,19.9800018,20.388038599999998,603.1481514996344,1.0,12050.901152629369,7.531813220393356,7.685629871433246,15.217443091826603,-246.10664166382475,-261.32408475565137,stop_loss
2023-05-21 19:30:00+00:00,2023-05-21 21:00:00+00:00,SHORT,downtrend_breakdown,19.942005599999998,19.545119804548797,591.9639992458219,1.0,11804.949387958575,7.37809336747411,7.231254553274639,14.60934792074875,234.94210271915222,220.33275479840344,target
2023-06-05 17:30:00+00:00,2023-06-06 12:00:00+00:00,SHORT,downtrend_breakdown,20.0099988,19.611759803882403,600.4131047232776,1.0,12014.26550501706,7.508915940635663,7.359473495585132,14.868389436220795,239.10791208084845,224.23952264462767,target
2023-06-07 18:00:00+00:00,2023-06-07 21:00:00+00:00,SHORT,downtrend_breakdown,19.0530945,18.673899813261,641.8684038744854,1.0,12229.579355584736,7.64348709724046,7.49136641703118,15.13485351427164,243.3930883348485,228.25823482057686,target
2023-06-09 23:00:00+00:00,2023-06-09 23:30:00+00:00,SHORT,downtrend_breakdown,17.4492549,17.1019798289802,713.2926162173426,1.0,12446.424678664285,7.779015424165179,7.624197459193442,15.40321288335862,247.70874395477756,232.30553107141893,target
2023-07-05 16:30:00+00:00,2023-07-05 17:00:00+00:00,SHORT,downtrend_breakdown,18.735126299999997,18.848884700000003,676.1158014281513,1.0,12667.114933182133,7.916946833238833,7.965017990604576,15.881964823843408,-76.91385178518783,-92.79581660903125,stop_loss
2023-07-24 15:30:00+00:00,2023-07-25 13:00:00+00:00,SHORT,downtrend_breakdown,23.3686629,22.9035797709642,538.2832112060443,1.0,12578.958907403552,7.86184931712722,7.705382792017754,15.567232109144975,250.3464401751458,234.77920806600082,target
2023-07-31 00:00:00+00:00,2023-07-31 19:00:00+00:00,SHORT,downtrend_breakdown,24.2335764,23.7512797624872,528.4222257954405,1.0,12805.560380271856,8.00347523766991,7.844190073489805,15.847665311159716,254.85626268817035,239.00859737701063,target
2023-08-01 00:00:00+00:00,2023-08-01 02:00:00+00:00,SHORT,downtrend_breakdown,23.714628299999998,23.242659767573397,549.6627828054554,1.0,13035.048584575004,8.146905365359379,7.984765654777996,16.131671020137375,259.4235369302123,243.29186591007496,target
2023-08-01 15:30:00+00:00,2023-08-01 18:00:00+00:00,SHORT,downtrend_breakdown,23.0836914,23.454345200000002,574.6990646907356,1.0,13266.175857189575,8.291359910743484,8.424493905858528,16.715853816602014,-213.0143921840687,-229.73024600067072,stop_loss
2023-08-15 23:00:00+00:00,2023-08-16 05:30:00+00:00,SHORT,downtrend_breakdown,23.8296168,23.3553597664464,547.6043614183757,1.0,13049.202090608596,8.155751306630373,7.993435544125816,16.149186850756188,259.7052200072916,243.5560331565354,target
2023-08-16 21:00:00+00:00,2023-08-17 01:00:00+00:00,SHORT,downtrend_breakdown,22.696730100000003,23.2143212,585.1866315113353,1.0,13281.823033540935,8.301139395963085,8.490444016156363,16.79158341211945,-302.887392309245,-319.67897572136445,stop_loss
2023-08-22 20:00:00+00:00,2023-08-22 21:00:00+00:00,SHORT,downtrend_breakdown,20.0459952,19.647039803529598,647.4807590476851,1.0,12979.396187962251,8.112122617476407,7.950675153143391,16.0627977706198,258.3159429328262,242.2531451622064,target
2023-08-30 20:00:00+00:00,2023-08-31 15:30:00+00:00,SHORT,downtrend_breakdown,20.667933,20.256599797434003,639.1319671815438,1.0,13209.536675866348,8.255960422416468,8.091650298089535,16.347610720506005,262.8961989230911,246.54858820258508,target
2023-08-31 21:00:00+00:00,2023-09-01 14:30:00+00:00,SHORT,downtrend_breakdown,19.627037100000003,19.2364198076358,685.0897305879812,1.0,13446.281559079313,8.40392597442457,8.236671039681573,16.64059701410614,267.6078955887972,250.96729857469106,target
2023-09-06 17:00:00+00:00,2023-09-06 17:30:00+00:00,SHORT,downtrend_breakdown,19.3270671,19.8059804,708.1918879468845,1.0,13687.272138025119,8.5545450862657,8.76652165757187,17.32106674383757,-339.16251408987165,-356.4835808337092,stop_loss
2023-09-10 15:30:00+00:00,2023-09-10 20:00:00+00:00,SHORT,downtrend_breakdown,18.0361962,18.3948393,740.1013266995341,1.0,13348.612736233094,8.342882960145683,8.508778106471706,16.85166106661739,-265.4322341216351,-282.2838951882525,stop_loss
2023-09-18 00:00:00+00:00,2023-09-18 02:00:00+00:00,SHORT,downtrend_breakdown,18.7971201,19.0299028,695.942865011206,1.0,13081.721616353727,8.17607601022108,8.277328172197981,16.45340418241906,-162.00345916304252,-178.45686334546156,stop_loss
2023-10-09 16:30:00+00:00,2023-10-09 16:30:00+00:00,SHORT,downtrend_breakdown,21.943805400000002,21.507079784929203,588.4206207996875,1.0,12912.187596175538,8.070117247609712,7.9095057741477826,15.979623021757494,256.97835753908475,240.99873451732725,target
2023-11-09 20:30:00+00:00,2023-11-10 09:30:00+00:00,SHORT,downtrend_breakdown,43.5336462,49.0049,301.861606849899,1.0,13141.136393966997,8.213210246229373,9.245436160949135,17.458646407178506,-1651.5614635516156,-1669.0201099587941,stop_loss
2023-11-17 00:00:00+00:00,2023-11-17 10:00:00+00:00,SHORT,downtrend_breakdown,57.8362158,56.68515943314839,199.84418726749604,1.0,11558.231541178513,7.223894713236571,7.080124760653736,14.304019473890307,230.0319241325359,215.72790465864557,target
2024-01-02 19:00:00+00:00,2024-01-03 11:00:00+00:00,SHORT,downtrend_breakdown,107.9182071,105.7704189422958,109.01105482159623,1.0,11764.277590426476,7.352673494016548,7.206340586138631,14.55901408015518,234.13265260466756,219.57363852451238,target
2024-01-12 23:00:00+00:00,2024-01-14 14:30:00+00:00,SHORT,downtrend_breakdown,90.2279763,98.94289330000001,132.72042910822967,1.0,11975.095732103176,7.484434832564485,8.207339534991114,15.691774367555599,-1156.6475238826074,-1172.339298250163,stop_loss
2024-01-18 20:30:00+00:00,2024-01-19 15:00:00+00:00,SHORT,downtrend_breakdown,92.7247266,90.8793190912068,117.19982421224502,1.0,10867.32165764848,6.792076036030299,6.656900138761224,13.448976174791524,216.28143563052018,202.83245945572867,target
2024-01-22 16:00:00+00:00,2024-01-22 18:30:00+00:00,SHORT,downtrend_breakdown,87.2972694,85.55987914440121,126.7177729024711,1.0,11062.11555883504,6.913822224271899,6.776223334364442,13.690045558636342,220.15822385193454,206.4681782932982,target
2024-02-16 18:30:00+00:00,2024-02-17 13:00:00+00:00,SHORT,downtrend_breakdown,109.0670922,106.8964389310356,103.22325553127448,1.0,11258.260328213673,7.036412705133546,6.896374019475978,13.932786724609524,224.0618970521086,210.12911032749906,target
2024-04-01 19:00:00+00:00,2024-04-02 02:30:00+00:00,SHORT,downtrend_breakdown,189.7070274,185.9314781406852,60.40919159230995,1.0,11460.048164614193,7.162530102883871,7.019981428776276,14.182511531660147,228.07787857215172,213.89536704049158,target
2024-04-09 16:00:00+00:00,2024-04-09 17:00:00+00:00,SHORT,downtrend_breakdown,172.512747,176.0105993,67.61443932173482,1.0,11664.35266425729,7.290220415160807,7.43803624147002,14.728256656630826,-236.50532209474093,-251.23357875137177,stop_loss
2024-04-12 19:00:00+00:00,2024-04-12 19:30:00+00:00,SHORT,downtrend_breakdown,151.0388946,148.03291851967077,75.64727479436604,1.0,11425.680764443488,7.14105047777718,6.998929291168459,14.13997976894564,227.39389857395577,213.25391880501013,target
2024-04-13 18:30:00+00:00,2024-04-13 19:30:00+00:00,SHORT,downtrend_breakdown,140.7449241,137.9438186205618,82.61947677094415,1.0,11628.271987308246,7.2676699920676535,7.123028823885525,14.39069881595318,231.4258690914069,217.0351702754537,target
2024-04-15 22:00:00+00:00,2024-04-16 00:30:00+00:00,SHORT,downtrend_breakdown,138.42915570000002,135.67413864325863,85.49106103570583,1.0,11834.455399069928,7.396534624418705,7.2493287923235235,14.645863416742229,235.52933135228915,220.88346793554692,target
2024-04-24 23:00:00+00:00,2024-04-25 10:00:00+00:00,SHORT,downtrend_breakdown,146.8643121,143.94141856058582,82.01733218201296,1.0,12045.419071188526,7.528386919492829,7.378556963021083,14.906943882513911,239.72793035479322,224.82098647227932,target
2024-04-30 17:00:00+00:00,2024-04-30 19:00:00+00:00,SHORT,downtrend_breakdown,125.50444829999999,123.0066587699334,97.69605279408871,1.0,12261.289207009777,7.663305754381111,7.510790643257418,15.174096397638529,244.02417779790838,228.85008140026986,target
2024-05-10 19:00:00+00:00,2024-05-10 22:00:00+00:00,SHORT,downtrend_breakdown,148.02419609999998,145.07821854921778,84.30173656143256,1.0,12478.696784340033,7.799185490212521,7.643966100586311,15.44315159079883,248.3510234019356,232.90787181113677,target
2024-06-07 20:30:00+00:00,2024-06-08 13:00:00+00:00,SHORT,downtrend_breakdown,162.263772,159.03439840965598,78.26737358577252,1.0,12699.959262560613,7.937474539100383,7.779502920823208,15.71697745992359,252.7545892434822,237.03761178355862,target
2024-06-09 00:00:00+00:00,2024-06-09 12:30:00+00:00,SHORT,downtrend_breakdown,157.82521590000002,160.6720656,81.91067420826384,1.0,12927.569841433804,8.079731150896128,8.225473262331498,16.305204413227628,-233.1873782965919,-249.49258270981952,stop_loss
2024-06-11 16:30:00+00:00,2024-06-11 17:00:00+00:00,SHORT,downtrend_breakdown,148.8491136,145.88671854113278,85.26613989276214,1.0,12691.789343131244,7.932368339457028,7.774498344765152,15.706866684222181,252.59199150700059,236.88512482277838,target
2024-06-23 23:00:00+00:00,2024-06-24 01:30:00+00:00,SHORT,downtrend_breakdown,129.1650822,126.5944387340556,100.0024928696471,1.0,12916.830211712882,8.073018882320552,7.912349660524608,15.98536854284516,257.07075487350977,241.08538633066462,target
2024-07-03 15:30:00+00:00,2024-07-03 19:00:00+00:00,SHORT,downtrend_breakdown,142.16378219999999,139.33443860665557,92.47843174783384,1.0,13147.083629196613,8.216927268247883,8.053393981755214,16.270321250003096,261.6532583882728,245.38293713826968,target
2024-08-01 18:30:00+00:00,2024-08-02 14:30:00+00:00,SHORT,downtrend_breakdown,160.6789305,157.481098425189,83.28062444854004,1.0,13381.441667763567,8.36340104235223,8.196952634807335,16.560353677159565,266.31745207183076,249.7570983946712,target
2024-08-03 21:30:00+00:00,2024-08-04 14:30:00+00:00,SHORT,downtrend_breakdown,141.9728013,139.14725860852738,95.94310135275244,1.0,13621.310864460082,8.513319290287551,8.343887209772248,16.8572065000598,271.0913288244851,254.23412232442533,target
2024-08-11 21:00:00+00:00,2024-08-14 12:30:00+00:00,SHORT,downtrend_breakdown,143.8186167,151.865185,96.40904120880644,1.0,13865.41494402384,8.6658843400149,9.150735549280009,17.81661988929491,-775.7619348241747,-793.5785547134697,stop_loss
2024-09-15 18:30:00+00:00,2024-09-15 23:00:00+00:00,SHORT,downtrend_breakdown,133.7546232,131.09263868907357,98.10641970494439,1.0,13122.187201135892,8.201367000709933,8.0381433946618,16.23951039537173,261.15776967700947,244.91825928163775,target
2024-09-18 16:30:00+00:00,2024-09-18 18:00:00+00:00,SHORT,downtrend_breakdown,127.8452142,129.7869774,104.46116134281895,1.0,13354.859547453449,8.346787217158406,8.473561491486375,16.82034870864478,-202.83883892474958,-219.65918763339437,stop_loss
2024-10-01 18:30:00+00:00,2024-10-01 19:30:00+00:00,SHORT,downtrend_breakdown,148.9191066,145.9553185404468,88.27734479036772,1.0,13146.183319201724,8.216364574501078,8.052842486739358,16.269207061240436,261.6353404187523,245.36613335751187,target
2024-10-03 15:30:00+00:00,2024-10-04 01:30:00+00:00,SHORT,downtrend_breakdown,133.8656121,138.5008487,99.94561662256321,1.0,13379.281145891358,8.362050716182098,8.651595453793645,17.013646169975743,-463.27158017847466,-480.2852263484504,stop_loss
2024-10-10 00:00:00+00:00,2024-10-10 14:00:00+00:00,SHORT,downtrend_breakdown,139.2510735,136.479698635203,92.82222847212437,1.0,12925.594959405582,8.07849684962849,7.917718605327183,15.996215454955673,257.24519088208956,241.24897542713387,target
2024-10-25 23:00:00+00:00,2024-10-25 23:00:00+00:00,SHORT,downtrend_breakdown,163.713627,160.455398395446,80.35991212653117,1.0,13156.012679635702,8.222507924772314,8.058863572053495,16.28137149682581,261.8309643501102,245.5495928532844,target
2024-11-24 16:30:00+00:00,2024-11-24 16:30:00+00:00,SHORT,downtrend_breakdown,247.69522800000001,248.594857,54.055481411399334,1.0,13389.284792846322,8.368302995528952,8.39869666970811,16.766999665237062,-48.62987868665448,-65.39687835189154,stop_loss
2024-11-26 00:30:00+00:00,2024-11-26 08:00:00+00:00,SHORT,downtrend_breakdown,238.106187,233.367397666326,55.9714887140334,1.0,13327.157758412026,8.329473599007516,8.163700415440069,16.493174014447582,265.2370937079157,248.74391969346806,target
2024-12-02 18:00:00+00:00,2024-12-03 02:30:00+00:00,SHORT,downtrend_breakdown,220.70792699999998,226.90268799999998,61.460041980994404,1.0,13564.718458958247,8.477949036848905,8.715905456300296,17.193854493149203,-380.73027112222684,-397.924125615376,stop_loss
2024-12-09 23:00:00+00:00,2024-12-10 02:30:00+00:00,SHORT,downtrend_breakdown,217.868211,213.532197864678,60.53204947688974,1.0,13188.009327693453,8.242505829808408,8.078463478783561,16.32096930859197,262.4677616397546,246.14679233116263,target
2024-12-10 16:00:00+00:00,2024-12-11 03:00:00+00:00,SHORT,downtrend_breakdown,206.47935,217.761774,65.0093808093779,1.0,13423.094693422825,8.389434183389266,8.847848807307304,17.23728299069657,-733.4633982688641,-750.7006812595607,stop_loss
2024-12-14 21:00:00+00:00,2024-12-15 23:00:00+00:00,SHORT,downtrend_breakdown,215.548443,222.492247,58.971653500015314,1.0,12711.248093063801,7.944530058164876,8.200459810327388,16.144989868492264,-409.48760346002035,-425.63259332851266,stop_loss
2024-12-19 00:30:00+00:00,2024-12-19 01:30:00+00:00,SHORT,downtrend_breakdown,208.019196,203.87919796120798,59.18003059209811,1.0,12310.582383023653,7.694113989389783,7.540985732772947,15.23509972216273,245.00521058693766,229.77011086477492,target
2024-12-19 20:30:00+00:00,2024-12-20 08:00:00+00:00,SHORT,downtrend_breakdown,191.50084800000002,187.68959812310402,65.42458751067875,1.0,12528.86398834519,7.830539992715744,7.6746965857807155,15.50523657849646,249.34945109604593,233.84421451754946,target
2024-12-22 00:00:00+00:00,2024-12-22 05:00:00+00:00,SHORT,downtrend_breakdown,181.34186400000002,177.73279822267202,70.3279881437171,1.0,12753.40846135156,7.970880288344725,7.812243828846089,15.783124117190814,253.81833519781864,238.03521108062785,target
2025-01-07 18:30:00+00:00,2025-01-07 22:00:00+00:00,SHORT,downtrend_breakdown,205.629435,201.53699798463,63.12103085765983,1.0,12979.541911878157,8.112213694923849,7.950764417967474,16.062978112891322,258.3188431301988,242.25586501730749,target
2025-01-08 18:30:00+00:00,2025-01-09 01:00:00+00:00,SHORT,downtrend_breakdown,196.210377,198.479846,67.32408950850035,1.0,13209.684983644598,8.256053114777874,8.351546823585853,16.607599938363727,-152.7899340927678,-169.39753403113153,stop_loss
2025-01-13 19:00:00+00:00,2025-01-13 19:30:00+00:00,SHORT,downtrend_breakdown,175.90240799999998,177.527751,74.18897678246636,1.0,13050.019663091924,8.156262289432453,8.231626373239044,16.387888662671497,-120.58253409054534,-136.97042275321684,stop_loss
2025-02-01 21:00:00+00:00,2025-02-01 22:30:00+00:00,SHORT,downtrend_breakdown,218.288169,213.943797860562,59.187347718677174,1.0,12919.897761476368,8.07493610092273,7.914228722642165,15.989164823564895,257.1318052489033,241.14264042533836,target
2025-02-16 21:30:00+00:00,2025-02-17 04:30:00+00:00,SHORT,downtrend_breakdown,187.48125,183.7499981625,70.1349242651222,1.0,13148.98326988044,8.218114543675275,8.05455762802705,16.272672171702325,261.6910650371603,245.41839286545795,target
2025-02-21 22:30:00+00:00,2025-02-24 01:00:00+00:00,SHORT,downtrend_breakdown,168.693129,165.33579834664198,79.33568149223595,1.0,13383.384352272671,8.36461522017042,8.198142648058587,16.562757868229006,266.35611537893226,249.79335751070323,target
2025-02-24 22:30:00+00:00,2025-02-24 22:30:00+00:00,SHORT,downtrend_breakdown,146.575341,143.658198563418,92.98758162403543,1.0,13629.686485308328,8.518554053317706,8.349017790548576,16.86757184386628,271.25802043060605,254.39044858673978,target
2025-02-25 15:30:00+00:00,2025-02-25 15:30:00+00:00,SHORT,downtrend_breakdown,135.176481,139.933992,102.61664831669742,1.0,13871.357411465731,8.669598382166082,8.974723277884719,17.6443216600508,-488.19983314981886,-505.8441548098697,stop_loss
2025-03-03 21:30:00+00:00,2025-03-04 01:30:00+00:00,SHORT,downtrend_breakdown,141.945804,139.12079860879203,94.33745195029756,1.0,13390.805464396357,8.369253415247723,8.202688533777463,16.571941949025188,266.50381035241446,249.93186840338927,target
2025-03-09 18:00:00+00:00,2025-03-10 14:00:00+00:00,SHORT,downtrend_breakdown,126.43735500000001,123.92099876079,107.79657483114292,1.0,13629.513799709284,8.518446124818302,8.348912010042168,16.86735813486047,271.25458364181543,254.38722550695496,target
2025-03-27 00:00:00+00:00,2025-03-28 04:30:00+00:00,SHORT,downtrend_breakdown,137.25627300000002,134.52459865475402,101.07943990859818,1.0,13873.787198781649,8.671116999238532,8.498544428719685,17.169661427958218,276.11611283015293,258.9464514021947,target
2025-03-28 21:30:00+00:00,2025-03-29 06:00:00+00:00,SHORT,downtrend_breakdown,128.87711099999999,126.31219873687799,109.59098814800491,1.0,14123.769944150112,8.82735621509382,8.651674171701023,17.479030386794843,281.0912694284752,263.61223904168037,target
2025-03-29 17:30:00+00:00,2025-03-30 18:30:00+00:00,SHORT,downtrend_breakdown,124.837515,126.752674,115.1540758332587,1.0,14375.54866914557,8.984717918215981,9.1225543961652,18.10727231438118,-220.53836471874823,-238.6456370331294,stop_loss
2025-04-06 18:30:00+00:00,2025-04-06 20:30:00+00:00,SHORT,downtrend_breakdown,107.74922400000001,105.60479894395202,131.3506871735544,1.0,14152.93461481724,8.845584134260775,8.66953931882072,17.515123453081493,281.6717047040918,264.15658125101027,target
2025-05-25 17:30:00+00:00,2025-05-25 19:30:00+00:00,SHORT,downtrend_breakdown,171.00289800000002,172.587257,84.23180855686842,1.0,14403.8833670057,9.002427104378562,9.085835494361906,18.088262598740467,-133.45342397334963,-151.5416865720901,stop_loss
2025-05-29 21:30:00+00:00,2025-05-30 00:30:00+00:00,SHORT,downtrend_breakdown,167.523246,164.189198358108,85.12202995853013,1.0,14259.918764762215,8.912449227976385,8.735073663441197,17.64752289141758,283.8009032562975,266.1533803648799,target
2025-05-30 17:00:00+00:00,2025-05-31 00:00:00+00:00,SHORT,downtrend_breakdown,157.764222,154.624398453756,91.99875357888772,1.0,14514.111783342934,9.071319864589334,8.890782456644278,17.962102321233612,288.85985271209137,270.89775039085777,target
2025-06-05 22:00:00+00:00,2025-06-08 19:00:00+00:00,SHORT,downtrend_breakdown,144.175581,154.19541800000002,102.46415465549096,1.0,14772.829029129263,9.23301814320579,9.874689473200048,19.10770761640584,-1026.674127990813,-1045.781835607219,stop_loss
2025-06-12 23:30:00+00:00,2025-06-13 00:00:00+00:00,SHORT,downtrend_breakdown,152.744724,149.70479850295197,90.29714431724251,1.0,13792.412386725375,8.620257741703359,8.44869737212798,17.068955113831336,274.49659132061,257.42763620677863,target
2025-06-17 18:00:00+00:00,2025-06-19 14:30:00+00:00,SHORT,downtrend_breakdown,146.195379,143.28579856714202,96.02406510167908,1.0,14038.274590660647,8.773921619162904,8.599303031098326,17.37322465026123,279.3897409033262,262.016516253065,target
2025-06-20 20:00:00+00:00,2025-06-21 20:00:00+00:00,SHORT,downtrend_breakdown,139.776021,136.99419863005798,102.26268539334785,1.0,14293.871261056982,8.933669538160613,8.75587164701214,17.689541185172754,284.4766258375567,266.78708465238395,target
2025-07-01 19:30:00+00:00,2025-07-02 06:00:00+00:00,SHORT,downtrend_breakdown,146.365362,149.21491999999998,99.41837842370435,1.0,14551.406947438478,9.094629342149048,9.27169086438923,18.366320206538276,-283.2984355842915,-301.6647557908298,stop_loss
2025-07-23 18:00:00+00:00,2025-07-23 20:30:00+00:00,SHORT,downtrend_breakdown,188.671131,184.916198150838,75.6141740054962,1.0,14266.211729247769,8.916382330779856,8.738928489632674,17.65531082041253,283.9261458354893,266.2708350150768,target
2025-08-01 21:00:00+00:00,2025-08-01 22:00:00+00:00,SHORT,downtrend_breakdown,163.673631,160.416198395838,88.70805232219777,1.0,14519.169022512091,9.074480639070057,8.893880325391285,17.96836096446134,288.9605018860361,270.9921409215748,target
2025-08-25 22:00:00+00:00,2025-08-27 02:30:00+00:00,SHORT,downtrend_breakdown,186.261372,199.459944,79.33266784047734,1.0,14776.611556387586,9.235382222742242,9.889805928020133,19.125188150762376,-1047.0779284446257,-1066.203116595388,stop_loss
2025-09-19 20:00:00+00:00,2025-09-22 02:30:00+00:00,SHORT,downtrend_breakdown,235.826415,231.13299768867,58.38813285565195,1.0,13769.464049892113,8.60591503118257,8.434640110231975,17.040555141414544,274.03987352095254,256.999318379538,target
2025-09-22 16:30:00+00:00,2025-09-22 19:30:00+00:00,SHORT,downtrend_breakdown,220.947903,216.550597834494,63.46691576954779,1.0,14022.881949159215,8.76430121822451,8.589874095379406,17.354175313603918,279.08339655216656,261.7292212385627,target
2025-09-25 18:00:00+00:00,2025-09-26 11:00:00+00:00,SHORT,downtrend_breakdown,194.78052000000002,190.90399809096002,73.26977415059703,1.0,14271.52470933585,8.919702943334906,8.742183015356655,17.661885958691563,284.0318847652026,266.36999880651103,target
2025-10-07 17:00:00+00:00,2025-10-07 23:30:00+00:00,SHORT,downtrend_breakdown,224.257572,219.794397802056,64.7794520837523,1.0,14527.282639792633,9.079551649870396,8.898850412934674,17.97840206280507,289.1219790971529,271.14357703434786,target
2025-10-10 22:00:00+00:00,2025-10-10 22:00:00+00:00,SHORT,downtrend_breakdown,190.670931,186.876198131238,77.54128518927337,1.0,14784.869037975264,9.24054314873454,9.056637858988426,18.297181007722966,294.24846359378347,275.9512825860605,target
2025-10-15 23:30:00+00:00,2025-10-16 09:30:00+00:00,SHORT,downtrend_breakdown,193.910607,190.051398099486,77.59772912490558,1.0,15047.022756432021,9.404389222770014,9.217223068458445,18.62161229122846,299.4658468985105,280.84423460728203,target
2025-10-30 18:00:00+00:00,2025-10-30 19:30:00+00:00,SHORT,downtrend_breakdown,183.661632,180.00639819993597,83.3961560428896,1.0,15316.674121363767,9.572921325852354,9.38240104562524,18.955322371477592,304.8324483633837,285.87712599190615,target
2025-11-03 16:30:00+00:00,2025-11-03 20:30:00+00:00,SHORT,downtrend_breakdown,168.12318599999998,164.77719835222797,92.71925997795498,1.0,15588.257391056079,9.742660869410049,9.548762432787049,19.291423302197096,310.2374985967987,290.9460752946016,target
2025-11-04 22:30:00+00:00,2025-11-05 01:00:00+00:00,SHORT,downtrend_breakdown,153.944604,150.880798491192,103.0543179193598,1.0,15864.656162585949,9.915410101616217,9.718073609773851,19.63348371139007,315.7383869477858,296.1049032363957,target
2025-11-11 20:00:00+00:00,2025-11-11 23:30:00+00:00,SHORT,downtrend_breakdown,157.494249,154.359798456402,102.52738057745763,1.0,16147.472805983876,10.092170503739922,9.891316126374491,19.983486630114413,321.3670037846918,301.3835171545774,target
2025-11-21 16:30:00+00:00,2025-11-21 16:30:00+00:00,SHORT,downtrend_breakdown,125.217477,128.222821,131.24196031581695,1.0,16433.787147280724,10.271116967050453,10.517633990790063,20.788750957840517,-394.42723798337965,-415.21598894122013,stop_loss
2025-12-01 16:00:00+00:00,2025-12-01 22:30:00+00:00,SHORT,downtrend_breakdown,125.047494,127.102709,128.26592076916444,1.0,16039.331957786564,10.024582473616602,10.189341251337604,20.213923724954206,-263.6140443535988,-283.827968078553,stop_loss
2026-01-20 17:00:00+00:00,2026-01-20 22:30:00+00:00,SHORT,downtrend_breakdown,126.9873,124.4599987554,124.18324815246831,1.0,15769.695388111939,9.856059617569962,9.659904319061084,19.515963936631046,313.84847761420514,294.3325136775741,target
2026-01-25 19:30:00+00:00,2026-01-25 19:30:00+00:00,SHORT,downtrend_breakdown,119.58803999999999,117.20799882792,134.2049863523613,1.0,16049.311276105635,10.030819547566022,9.831186176930363,19.862005724496385,319.41339301705415,299.55138729255776,target
2026-01-29 16:00:00+00:00,2026-01-30 01:30:00+00:00,SHORT,downtrend_breakdown,117.58824,115.24799884752,138.9074714787258,1.0,16333.885094033565,10.208678183770978,10.005505070557568,20.214183254328546,325.0769811414566,304.86279788712807,target
2026-01-31 16:30:00+00:00,2026-01-31 16:30:00+00:00,SHORT,downtrend_breakdown,108.379161,106.222198937778,153.39718499798016,1.0,16625.058209842875,10.390661381151798,10.183866438344115,20.574527819495913,330.8719084922918,310.2973806727959,target
