date_utc,orb_high,orb_low
2021-01-02,1.8292,1.7396
2021-01-03,2.1508,2.0
2021-01-04,2.1791,2.0978
2021-01-05,2.2917,2.1368
2021-01-06,2.1276,2.0619
2021-01-07,2.4514,2.326
2021-01-08,3.7689,3.3666
2021-01-09,3.2518,3.1654
2021-01-10,3.407,3.2841
2021-01-11,2.9562,2.68
2021-01-12,3.3547,3.1507
2021-01-13,3.4658,3.3633
2021-01-14,3.4953,3.4381
2021-01-15,3.4326,3.3215
2021-01-16,3.4404,3.2891
2021-01-17,3.6073,3.449
2021-01-18,3.9892,3.8916
2021-01-19,3.8551,3.8
2021-01-20,3.5851,3.3641
2021-01-21,3.444,3.3234
2021-01-22,3.2991,3.2658
2021-01-23,3.5353,3.4489
2021-01-24,3.6741,3.6131
2021-01-25,3.5267,3.4735
2021-01-26,3.8968,3.7545
2021-01-27,3.7216,3.6228
2021-01-28,3.9681,3.8348
2021-01-29,3.8472,3.7809
2021-01-30,4.0085,3.9058
2021-01-31,4.551,4.48
2021-02-02,5.2199,5.1094
2021-02-03,5.3599,5.2659
2021-02-04,5.9662,5.89
2021-02-05,6.8742,6.7538
2021-02-06,6.0719,5.8761
2021-02-07,6.8786,6.5856
2021-02-08,7.4213,7.0846
2021-02-09,7.8259,7.6838
2021-02-10,8.1686,7.9173
2021-02-11,9.4856,9.2661
2021-02-12,9.8788,9.5164
2021-02-13,9.121,8.9688
2021-02-14,8.7181,8.5616
2021-02-15,8.7254,8.5888
2021-02-16,8.643,8.392
2021-02-17,8.2683,8.056
2021-02-18,8.62,8.4464
2021-02-19,11.3313,10.7324
2021-02-20,10.8963,10.7287
2021-02-21,10.8402,10.6163
2021-02-22,10.0774,8.88
2021-02-23,15.8026,14.5381
2021-02-24,17.0684,16.2576
2021-02-25,16.2987,15.8
2021-02-26,14.1186,13.7812
2021-02-27,14.3015,13.7137
2021-02-28,11.97,11.5055
2021-03-02,15.1264,14.8047
2021-03-03,14.439,13.9319
2021-03-04,13.6513,13.4512
2021-03-05,12.8849,12.5866
2021-03-06,12.5241,11.8944
2021-03-07,13.8321,13.3797
2021-03-08,13.5565,13.1
2021-03-09,14.76,14.2261
2021-03-10,14.9134,14.7569
2021-03-11,14.65,14.2839
2021-03-12,15.3048,15.0043
2021-03-13,15.1755,14.8737
2021-03-14,14.6566,14.4868
2021-03-15,14.3622,14.2236
2021-03-16,13.6686,13.5016
2021-03-17,13.4991,13.3604
2021-03-18,14.11,13.9803
2021-03-19,14.2467,14.12
2021-03-20,14.9344,14.6747
2021-03-21,13.9391,13.8599
2021-03-22,15.9932,15.6922
2021-03-23,14.6882,14.52
2021-03-24,14.8649,14.6719
2021-03-25,13.0627,12.726
2021-03-26,14.1461,13.4163
2021-03-27,15.6874,15.4122
2021-03-28,18.9447,18.534
2021-03-29,18.6908,18.441
2021-03-30,20.2061,19.7146
2021-03-31,19.7232,19.3255
2021-04-02,19.3614,19.0713
2021-04-03,22.3316,21.9206
2021-04-04,25.0326,24.4243
2021-04-05,24.2991,23.4636
2021-04-06,23.415,21.6509
2021-04-07,27.0205,25.4604
2021-04-08,26.5343,26.0382
2021-04-09,29.1026,28.2724
2021-04-10,27.4994,27.192
2021-04-11,27.0387,26.36
2021-04-12,28.4929,27.8406
2021-04-13,27.4713,26.8778
2021-04-14,26.1214,24.5888
2021-04-15,27.5961,27.2083
2021-04-16,25.9685,24.9098
2021-04-17,26.6395,26.1507
2021-04-18,26.8577,26.2236
2021-04-19,34.9967,32.5512
2021-04-20,30.8304,30.0464
2021-04-21,33.7726,32.4291
2021-04-22,37.6546,36.4014
2021-04-23,35.2549,33.8512
2021-04-24,36.493,35.4551
2021-04-25,44.7728,43.1986
2021-04-26,47.3133,45.8947
2021-04-27,44.5,42.567
2021-04-28,46.5802,45.0001
2021-04-29,43.8912,43.34
2021-04-30,43.2334,42.1
2021-05-02,47.2693,46.286
2021-05-03,48.5879,46.5753
2021-05-04,46.8654,45.0747
2021-05-05,45.138,44.1933
2021-05-06,44.0189,43.5847
2021-05-07,43.119,42.5283
2021-05-08,44.2793,43.8006
2021-05-09,43.9191,43.4682
2021-05-10,44.4,43.5
2021-05-11,41.242,40.102
2021-05-12,46.799,45.014
2021-05-13,43.384,42.401
2021-05-14,43.5,42.362
2021-05-15,41.499,40.76
2021-05-16,52.583,48.481
2021-05-17,49.393,47.741
2021-05-18,54.145,52.049
2021-05-19,41.468,33.676
2021-05-20,44.57,43.001
2021-05-21,42.534,36.586
2021-05-22,38.339,36.622
2021-05-23,23.496,22.297
2021-05-24,30.877,29.284
2021-05-25,29.115,27.734
2021-05-26,35.523,33.347
2021-05-27,35.026,34.278
2021-05-28,31.833,31.008
2021-05-29,27.669,26.741
2021-05-30,28.836,27.851
2021-05-31,31.746,30.545
2021-06-02,33.746,33.023
2021-06-03,39.757,37.872
2021-06-04,37.152,35.506
2021-06-05,41.057,39.35
2021-06-06,41.653,40.229
2021-06-07,43.89,42.191
2021-06-08,36.43,34.912
2021-06-09,43.27,42.1
2021-06-10,42.292,41.385
2021-06-11,39.998,39.24
2021-06-12,37.248,36.124
2021-06-13,35.734,34.92
2021-06-14,38.929,37.928
2021-06-15,40.859,39.802
2021-06-16,38.272,37.855
2021-06-17,40.752,39.661
2021-06-18,37.184,36.03
2021-06-19,36.351,35.813
2021-06-20,33.103,32.184
2021-06-21,31.383,29.7
2021-06-22,22.699,20.098
2021-06-23,32.435,30.5
2021-06-24,30.462,30.007
2021-06-25,30.772,29.523
2021-06-26,28.295,27.062
2021-06-27,30.903,30.25
2021-06-28,31.777,31.3
2021-06-29,35.81,34.809
2021-06-30,32.738,32.131
2021-07-02,32.529,32.091
2021-07-03,34.915,34.59
2021-07-04,34.961,34.621
2021-07-05,33.642,33.171
2021-07-06,34.42,33.647
2021-07-07,37.233,36.9
2021-07-08,34.651,33.739
2021-07-09,34.445,33.63
2021-07-10,32.945,32.179
2021-07-11,32.179,31.93
2021-07-12,31.677,31.309
2021-07-13,29.579,29.14
2021-07-14,31.146,29.717
2021-07-15,29.518,28.877
2021-07-16,28.004,27.742
2021-07-17,26.704,26.2
2021-07-18,27.241,26.841
2021-07-19,24.435,24.069
2021-07-20,23.211,22.6
2021-07-21,26.4,25.908
2021-07-22,27.184,26.839
2021-07-23,27.862,27.554
2021-07-24,28.796,28.264
2021-07-25,27.622,26.526
2021-07-26,30.499,29.723
2021-07-27,28.913,27.766
2021-07-28,28.191,27.821
2021-07-29,28.607,28.221
2021-07-30,30.682,30.174
2021-07-31,34.376,33.721
2021-08-02,34.161,33.761
2021-08-03,35.35,34.975
2021-08-04,35.358,34.731
2021-08-05,38.299,37.084
2021-08-06,38.237,37.484
2021-08-07,39.565,38.823
2021-08-08,38.74,38.0
2021-08-09,39.776,39.052
2021-08-10,41.624,40.38
2021-08-11,43.483,42.857
2021-08-12,41.135,39.946
2021-08-13,44.355,43.665
2021-08-14,44.128,43.391
2021-08-15,47.611,46.3
2021-08-16,68.312,62.202
2021-08-17,69.955,67.1
2021-08-18,80.4,77.056
2021-08-19,71.915,69.373
2021-08-20,74.27,71.888
2021-08-21,76.905,74.835
2021-08-22,75.966,75.045
2021-08-23,73.246,72.781
2021-08-24,75.807,72.6
2021-08-25,69.65,67.003
2021-08-26,78.18,68.699
2021-08-27,82.124,80.487
2021-08-28,94.2,92.7
2021-08-29,94.413,92.367
2021-08-30,101.05,98.342
2021-08-31,127.38,123.05
2021-09-02,117.978,115.2
2021-09-03,143.49,139.365
2021-09-04,142.488,139.903
2021-09-05,139.235,137.416
2021-09-06,146.336,142.103
2021-09-07,185.635,165.44
2021-09-08,160.901,152.3
2021-09-09,204.298,196.28
2021-09-10,180.969,171.23
2021-09-11,191.4,184.324
2021-09-12,179.544,176.51
2021-09-13,167.8,150.2
2021-09-14,161.654,155.27
2021-09-15,160.959,156.149
2021-09-16,157.72,153.127
2021-09-17,141.3,137.71
2021-09-18,163.9,160.771
2021-09-19,160.81,158.6
2021-09-20,146.5,141.051
2021-09-21,142.0,136.571
2021-09-22,134.859,128.8
2021-09-23,148.888,144.719
2021-09-24,139.803,132.068
2021-09-25,140.018,136.704
2021-09-26,136.802,134.587
2021-09-27,147.2,144.224
2021-09-28,136.195,131.424
2021-09-29,138.58,135.879
2021-09-30,139.58,136.8
2021-10-02,169.117,163.05
2021-10-03,178.0,173.664
2021-10-04,172.837,170.421
2021-10-05,169.6,165.807
2021-10-06,161.16,156.141
2021-10-07,161.298,156.988
2021-10-08,168.596,162.821
2021-10-09,160.374,158.8
2021-10-10,154.875,153.402
2021-10-11,149.878,147.365
2021-10-12,145.429,141.013
2021-10-13,146.518,144.283
2021-10-14,155.929,153.8
2021-10-15,159.947,158.101
2021-10-16,160.964,159.599
2021-10-17,165.298,163.588
2021-10-18,159.83,158.178
2021-10-19,158.094,155.0
2021-10-20,164.17,160.1
2021-10-21,191.196,182.0
2021-10-22,214.3,204.32
2021-10-23,200.0,197.733
2021-10-24,192.473,188.069
2021-10-25,211.147,207.545
2021-10-26,208.42,202.306
2021-10-27,191.656,187.166
2021-10-28,201.55,197.6
2021-10-29,199.034,196.924
2021-10-30,196.807,191.61
2021-10-31,192.302,185.47
2021-11-02,206.83,204.1
2021-11-03,228.0,222.992
2021-11-04,245.221,238.442
2021-11-05,238.689,235.8
2021-11-06,244.038,241.556
2021-11-07,253.477,251.0
2021-11-08,245.879,243.284
2021-11-09,246.64,244.412
2021-11-10,244.427,236.739
2021-11-11,243.429,238.3
2021-11-12,229.283,226.04
2021-11-13,234.084,228.351
2021-11-14,238.797,237.188
2021-11-15,244.775,240.57
2021-11-16,226.703,220.552
2021-11-17,219.323,217.126
2021-11-18,207.489,202.358
2021-11-19,210.746,205.717
2021-11-20,215.164,213.238
2021-11-21,212.846,210.622
2021-11-22,225.448,217.428
2021-11-23,215.6,213.034
2021-11-24,214.742,207.208
2021-11-25,213.8,211.08
2021-11-26,197.513,191.21
2021-11-27,199.43,197.63
2021-11-28,190.885,188.003
2021-11-29,210.898,205.651
2021-11-30,216.5,212.555
2021-12-02,225.799,221.882
2021-12-03,239.473,234.486
2021-12-04,197.842,190.89
2021-12-05,196.023,190.145
2021-12-06,183.759,179.699
2021-12-07,199.987,197.2
2021-12-08,192.358,186.763
2021-12-09,189.508,186.82
2021-12-10,183.48,178.443
2021-12-11,169.372,167.584
2021-12-12,171.98,169.648
2021-12-13,166.0,161.0
2021-12-14,159.48,156.8
2021-12-15,164.87,162.86
2021-12-16,188.96,184.68
2021-12-17,175.43,170.16
2021-12-18,181.83,179.03
2021-12-19,188.6,182.74
2021-12-20,171.28,168.41
2021-12-21,181.72,178.08
2021-12-22,184.77,182.15
2021-12-23,181.12,179.55
2021-12-24,191.48,188.66
2021-12-25,192.14,190.69
2021-12-26,197.97,196.24
2021-12-27,203.14,201.29
2021-12-28,191.65,187.4
2021-12-29,174.72,170.6
2021-12-30,175.4,173.11
2021-12-31,176.15,174.97
2022-01-01,173.03,172.45
2022-01-02,176.29,175.55
2022-01-03,175.4,174.3
2022-01-04,172.77,171.09
2022-01-05,169.34,168.04
2022-01-06,149.91,148.0
2022-01-07,142.78,135.69
2022-01-08,145.98,144.76
2022-01-09,139.85,138.39
2022-01-10,136.45,129.45
2022-01-11,137.73,135.6
2022-01-12,147.67,142.66
2022-01-13,157.49,153.56
2022-01-14,145.07,142.8
2022-01-15,145.86,144.7
2022-01-16,150.63,147.11
2022-01-17,143.6,142.05
2022-01-18,136.67,135.08
2022-01-19,137.25,136.21
2022-01-20,140.6,137.64
2022-01-21,119.6,116.97
2022-01-22,101.61,98.6
2022-01-23,103.11,98.51
2022-01-24,85.99,80.83
2022-01-25,93.64,90.33
2022-01-26,101.97,97.25
2022-01-27,94.18,91.26
2022-01-28,90.43,87.26
2022-01-29,98.88,96.35
2022-01-30,95.2,93.8
2022-01-31,92.12,91.08
2022-02-01,111.04,105.98
2022-02-02,110.56,108.46
2022-02-03,97.32,95.33
2022-02-04,105.09,101.68
2022-02-05,115.21,114.4
2022-02-06,114.78,114.06
2022-02-07,119.03,117.78
2022-02-08,113.19,111.12
2022-02-09,115.81,113.52
2022-02-10,113.41,105.58
2022-02-11,107.86,106.33
2022-02-12,95.82,94.66
2022-02-13,96.88,96.15
2022-02-14,97.46,94.82
2022-02-15,103.05,100.51
2022-02-16,101.78,99.01
2022-02-17,98.42,97.05
2022-02-18,94.37,93.16
2022-02-19,90.86,89.5
2022-02-20,89.49,87.37
2022-02-21,92.89,87.05
2022-02-22,85.78,84.51
2022-02-23,92.36,90.61
2022-02-24,81.74,79.82
2022-02-25,92.15,89.12
2022-03-02,102.9,100.14
2022-03-03,100.29,99.11
2022-03-04,93.75,90.66
2022-03-05,89.03,87.74
2022-03-06,88.2,87.01
2022-03-07,86.68,84.31
2022-03-08,84.37,83.43
2022-03-09,88.04,86.51
2022-03-10,83.94,80.56
2022-03-11,83.25,82.24
2022-03-12,81.78,80.97
2022-03-13,81.12,80.2
2022-03-14,81.3,80.1
2022-03-15,80.47,79.59
2022-03-16,84.97,82.86
2022-03-17,90.76,88.59
2022-03-18,86.4,84.76
2022-03-19,92.28,90.65
2022-03-20,90.21,89.41
2022-03-21,91.23,88.53
2022-03-22,93.95,91.21
2022-03-23,93.88,91.8
2022-03-24,101.59,98.24
2022-03-25,104.17,102.0
2022-03-26,100.33,99.78
2022-03-27,100.87,99.62
2022-03-28,111.89,110.27
2022-03-29,114.95,113.21
2022-03-30,116.95,114.34
2022-03-31,127.12,121.0
2022-04-03,139.08,135.95
2022-04-04,133.75,131.0
2022-04-05,133.64,129.59
2022-04-06,122.96,116.36
2022-04-07,117.53,114.63
2022-04-08,116.57,112.79
2022-04-09,111.75,110.04
2022-04-10,111.74,110.39
2022-04-11,103.74,101.4
2022-04-12,109.26,104.97
2022-04-13,104.86,101.14
2022-04-14,105.68,102.22
2022-04-15,101.48,99.74
2022-04-16,102.43,101.89
2022-04-17,104.5,102.74
2022-04-18,99.15,97.6
2022-04-19,107.46,103.21
2022-04-20,110.3,107.06
2022-04-21,109.96,107.74
2022-04-22,102.76,99.65
2022-04-23,102.45,101.52
2022-04-24,101.51,100.03
2022-04-25,97.87,95.77
2022-04-26,100.07,97.42
2022-04-27,100.72,96.8
2022-04-28,98.53,96.23
2022-04-29,97.06,95.66
2022-04-30,93.83,92.46
2022-05-01,89.21,87.41
2022-05-02,88.52,86.17
2022-05-03,88.18,86.78
2022-05-04,88.16,87.09
2022-05-05,92.0,87.53
2022-05-06,82.17,79.79
2022-05-07,81.68,80.82
2022-05-08,78.04,76.68
2022-05-09,73.19,70.47
2022-05-10,73.91,70.86
2022-05-11,59.53,52.09
2022-05-12,46.02,42.64
2022-05-13,56.37,51.88
2022-05-14,47.75,46.05
2022-05-15,53.01,52.16
2022-05-16,54.47,52.65
2022-05-17,58.2,56.57
2022-05-18,52.7,51.27
2022-05-19,52.81,50.26
2022-05-20,52.6,50.67
2022-05-21,50.13,49.68
2022-05-22,52.79,51.3
2022-05-23,54.0,52.18
2022-05-24,49.13,47.04
2022-05-25,48.86,47.79
2022-05-26,45.12,42.53
2022-05-27,43.6,42.48
2022-05-28,42.65,41.91
2022-05-29,45.66,44.62
2022-05-30,46.22,45.07
2022-05-31,46.51,44.52
2022-06-01,45.66,44.22
2022-06-02,41.15,39.71
2022-06-03,38.44,37.77
2022-06-04,37.71,36.71
2022-06-05,39.28,38.72
2022-06-06,44.05,43.3
2022-06-07,39.15,38.08
2022-06-08,40.15,39.05
2022-06-09,40.68,39.79
2022-06-10,38.29,37.41
2022-06-11,35.39,34.58
2022-06-12,32.78,31.36
2022-06-13,27.54,26.26
2022-06-14,30.2,29.2
2022-06-15,29.95,29.0
2022-06-16,32.38,30.02
2022-06-17,32.05,30.91
2022-06-18,30.37,29.82
2022-06-19,32.52,31.58
2022-06-20,36.08,34.95
2022-06-21,38.5,37.46
2022-06-22,36.85,35.24
2022-06-23,37.13,36.08
2022-06-24,41.3,40.63
2022-06-25,40.98,40.03
2022-06-26,41.26,40.9
2022-06-27,40.14,38.33
2022-06-28,39.88,38.72
2022-06-29,35.0,33.59
2022-06-30,32.17,30.79
2022-07-01,33.21,32.02
2022-07-02,33.29,32.82
2022-07-03,32.73,32.12
2022-07-04,34.17,33.75
2022-07-05,33.83,33.18
2022-07-06,36.49,35.73
2022-07-07,38.27,36.72
2022-07-08,37.29,36.42
2022-07-09,38.33,37.74
2022-07-10,36.87,36.24
2022-07-11,35.8,34.59
2022-07-12,34.32,33.72
2022-07-13,32.73,31.86
2022-07-14,34.01,33.61
2022-07-15,38.33,37.69
2022-07-16,37.49,37.19
2022-07-17,39.81,39.12
2022-07-18,42.34,41.45
2022-07-19,47.4,45.95
2022-07-20,46.32,44.98
2022-07-21,42.07,41.2
2022-07-22,43.65,42.4
2022-07-23,40.39,39.95
2022-07-24,41.07,40.12
2022-07-25,39.35,38.24
2022-07-26,35.74,35.23
2022-07-27,37.44,36.68
2022-07-28,40.98,39.31
2022-07-29,43.44,41.37
2022-07-30,45.09,43.61
2022-07-31,44.3,43.92
2022-08-01,42.94,41.3
2022-08-02,41.25,39.99
2022-08-03,40.84,39.98
2022-08-04,39.83,38.55
2022-08-05,40.95,39.71
2022-08-06,40.46,40.27
2022-08-07,40.5,40.23
2022-08-08,43.2,42.79
2022-08-09,41.43,39.68
2022-08-10,42.44,41.81
2022-08-11,45.32,44.1
2022-08-12,43.07,42.42
2022-08-13,47.17,46.24
2022-08-14,46.31,45.72
2022-08-15,44.48,43.65
2022-08-16,43.71,42.69
2022-08-17,41.99,41.02
2022-08-18,41.26,40.73
2022-08-19,36.85,36.25
2022-08-20,36.96,36.49
2022-08-21,35.89,35.55
2022-08-22,34.66,33.88
2022-08-23,36.09,35.2
2022-08-24,35.53,35.14
2022-08-25,36.23,35.85
2022-08-26,35.48,34.27
2022-08-27,32.0,31.65
2022-08-28,31.66,31.17
2022-08-29,32.29,31.13
2022-08-30,32.64,31.74
2022-08-31,32.95,32.42
2022-09-01,31.34,30.55
2022-09-02,32.24,31.84
2022-09-03,31.23,30.98
2022-09-04,31.7,31.43
2022-09-05,31.6,31.37
2022-09-06,33.01,32.4
2022-09-07,31.54,31.19
2022-09-08,33.32,32.34
2022-09-09,35.31,34.85
2022-09-10,34.7,34.27
2022-09-11,34.84,34.51
2022-09-12,38.28,37.73
2022-09-13,35.87,35.06
2022-09-14,33.6,33.14
2022-09-15,33.97,33.37
2022-09-16,32.78,31.81
2022-09-17,33.09,32.72
2022-09-18,33.43,32.85
2022-09-19,32.24,31.33
2022-09-20,31.99,31.55
2022-09-21,32.24,31.89
2022-09-22,32.14,31.72
2022-09-23,32.19,31.17
2022-09-24,34.25,33.83
2022-09-25,33.47,32.8
2022-09-26,33.37,32.69
2022-09-27,35.4,34.7
2022-09-28,32.97,32.45
2022-09-29,33.62,32.62
2022-09-30,34.26,33.72
2022-10-01,33.04,32.89
2022-10-02,32.55,32.39
2022-10-03,32.96,32.43
2022-10-04,34.37,33.79
2022-10-05,33.53,33.15
2022-10-06,34.18,33.55
2022-10-07,33.06,32.77
2022-10-08,32.86,32.72
2022-10-09,32.98,32.89
2022-10-10,32.76,32.46
2022-10-11,31.55,31.05
2022-10-12,31.28,30.97
2022-10-13,29.14,28.2
2022-10-14,31.79,30.85
2022-10-15,30.08,29.72
2022-10-16,29.94,29.82
2022-10-17,31.19,30.82
2022-10-18,30.97,30.28
2022-10-19,29.96,29.52
2022-10-20,29.42,28.95
2022-10-21,27.7,27.0
2022-10-22,28.12,27.9
2022-10-23,28.07,27.86
2022-10-24,28.94,28.32
2022-10-25,29.01,28.59
2022-10-26,32.19,30.59
2022-10-27,31.88,31.15
2022-10-28,31.29,30.68
2022-10-29,33.39,32.71
2022-10-30,32.44,32.18
2022-10-31,33.84,32.66
2022-11-01,33.0,32.24
2022-11-02,31.43,31.13
2022-11-03,31.47,30.84
2022-11-04,34.01,32.76
2022-11-05,34.86,34.51
2022-11-06,35.81,35.15
2022-11-07,31.42,30.84
2022-11-08,28.31,27.21
2022-11-09,16.991,15.82
2022-11-10,17.265,14.981
2022-11-11,17.982,14.41
2022-11-12,15.29,14.882
2022-11-13,14.437,13.684
2022-11-14,14.969,14.014
2022-11-15,15.12,14.661
2022-11-16,14.122,13.644
2022-11-17,13.386,12.832
2022-11-18,13.617,13.501
2022-11-19,12.828,12.687
2022-11-20,13.12,12.628
2022-11-21,12.087,11.951
2022-11-22,11.962,11.29
2022-11-23,13.102,12.686
2022-11-24,14.508,14.125
2022-11-25,14.196,14.02
2022-11-26,14.663,14.47
2022-11-27,14.264,14.144
2022-11-28,13.345,13.25
2022-11-29,13.659,13.453
2022-11-30,13.611,13.458
2022-12-01,13.934,13.546
2022-12-02,13.626,13.349
2022-12-03,13.534,13.493
2022-12-04,13.395,13.346
2022-12-05,13.97,13.857
2022-12-06,14.113,14.024
2022-12-07,13.719,13.621
2022-12-08,13.586,13.453
2022-12-09,13.855,13.663
2022-12-10,13.6,13.556
2022-12-11,13.649,13.602
2022-12-12,13.168,13.072
2022-12-13,14.149,13.429
2022-12-14,14.169,14.055
2022-12-15,14.044,13.919
2022-12-16,13.368,13.008
2022-12-17,12.338,12.203
2022-12-18,12.401,12.318
2022-12-19,12.271,12.122
2022-12-20,12.317,12.211
2022-12-21,12.064,11.996
2022-12-22,12.086,11.99
2022-12-23,11.967,11.734
2022-12-24,11.36,11.287
2022-12-25,11.378,11.32
2022-12-26,11.32,11.27
2022-12-27,11.115,10.993
2022-12-28,10.034,9.87
2022-12-29,9.48,9.306
2022-12-30,9.65,9.479
2022-12-31,10.2,9.893
2023-01-01,9.899,9.813
2023-01-02,11.184,11.046
2023-01-03,12.378,11.833
2023-01-04,13.529,13.238
2023-01-05,13.219,13.076
2023-01-06,13.084,12.644
2023-01-07,13.27,13.145
2023-01-08,13.691,13.494
2023-01-09,16.724,16.0
2023-01-10,16.21,15.805
2023-01-11,15.858,15.61
2023-01-12,16.498,15.4
2023-01-13,16.639,16.439
2023-01-14,22.761,22.28
2023-01-15,23.82,23.1
2023-01-16,23.538,22.63
2023-01-17,23.97,23.361
2023-01-18,23.362,22.49
2023-01-19,20.928,20.553
2023-01-20,21.35,21.211
2023-01-21,25.417,25.04
2023-01-22,25.198,24.976
2023-01-23,24.478,23.77
2023-01-24,24.535,23.862
2023-01-25,24.239,23.55
2023-01-26,25.163,24.07
2023-01-27,23.878,23.392
2023-01-28,24.065,23.853
2023-01-29,24.721,24.381
2023-01-30,24.573,24.162
2023-01-31,24.368,23.762
2023-02-01,23.579,23.388
2023-02-02,25.285,24.816
2023-02-03,24.503,23.97
2023-02-04,24.914,24.679
2023-02-05,23.769,23.559
2023-02-06,23.259,23.021
2023-02-07,23.32,23.16
2023-02-08,23.724,23.542
2023-02-09,22.9,22.739
2023-02-10,20.925,20.706
2023-02-11,20.539,20.396
2023-02-12,20.879,20.753
2023-02-13,20.522,20.386
2023-02-14,21.813,20.964
2023-02-15,22.577,22.25
2023-02-16,23.827,23.165
2023-02-17,22.78,22.53
2023-02-18,23.35,23.157
2023-02-19,24.476,24.126
2023-02-20,26.585,26.246
2023-02-21,25.325,24.755
2023-02-22,23.692,23.361
2023-02-23,24.383,23.993
2023-02-24,23.781,23.407
2023-02-25,22.663,22.431
2023-02-26,22.908,22.656
2023-02-27,23.32,22.984
2023-02-28,22.459,22.273
2023-03-01,22.673,22.517
2023-03-02,21.968,21.654
2023-03-03,21.441,20.985
2023-03-04,21.165,21.071
2023-03-05,21.309,21.203
2023-03-06,20.87,20.749
2023-03-07,20.493,20.215
2023-03-08,18.955,18.615
2023-03-09,18.645,18.176
2023-03-10,17.919,16.951
2023-03-11,17.439,17.228
2023-03-12,18.101,17.817
2023-03-13,20.282,19.094
2023-03-14,22.056,21.454
2023-03-15,20.681,20.191
2023-03-16,19.541,19.103
2023-03-17,20.572,20.117
2023-03-18,22.438,21.946
2023-03-19,21.824,21.54
2023-03-20,23.688,23.13
2023-03-21,23.333,22.64
2023-03-22,22.647,22.44
2023-03-23,21.578,21.365
2023-03-24,21.68,21.302
2023-03-25,20.966,20.636
2023-03-26,21.127,20.858
2023-03-27,20.581,20.012
2023-03-28,20.343,19.817
2023-03-29,21.343,21.058
2023-03-30,20.696,20.422
2023-03-31,20.868,20.541
2023-04-01,21.09,20.901
2023-04-02,20.9,20.734
2023-04-03,20.599,20.367
2023-04-04,21.021,20.775
2023-04-05,21.04,20.678
2023-04-06,20.7,20.445
2023-04-07,20.537,20.37
2023-04-08,20.509,20.307
2023-04-09,20.188,20.0
2023-04-10,20.199,20.063
2023-04-11,23.253,22.36
2023-04-12,24.289,23.8
2023-04-13,24.963,24.552
2023-04-14,24.793,24.451
2023-04-15,24.432,24.156
2023-04-16,24.319,24.0
2023-04-17,25.389,25.004
2023-04-18,25.262,24.949
2023-04-19,23.484,23.024
2023-04-20,23.18,22.627
2023-04-21,22.3,21.947
2023-04-22,21.495,21.353
2023-04-23,22.035,21.842
2023-04-24,21.979,21.606
2023-04-25,21.163,20.84
2023-04-26,22.941,22.475
2023-04-27,21.781,21.521
2023-04-28,22.63,22.15
2023-04-29,23.71,23.506
2023-04-30,23.482,23.356
2023-05-01,22.302,21.873
2023-05-02,22.22,21.75
2023-05-03,21.47,21.346
2023-05-04,22.087,21.753
2023-05-05,22.332,21.868
2023-05-06,22.094,21.51
2023-05-07,22.208,22.12
2023-05-08,21.343,21.079
2023-05-09,20.864,20.665
2023-05-10,21.211,21.07
2023-05-11,20.386,20.001
2023-05-12,20.931,20.283
2023-05-13,20.942,20.787
2023-05-14,21.149,21.013
2023-05-15,21.443,21.173
2023-05-16,20.873,20.629
2023-05-17,20.725,20.514
2023-05-18,20.658,20.544
2023-05-19,20.458,20.31
2023-05-20,20.226,20.189
2023-05-21,20.155,20.074
2023-05-22,20.026,19.631
2023-05-23,19.935,19.8
2023-05-24,19.373,18.53
2023-05-25,19.477,19.283
2023-05-26,19.55,19.325
2023-05-27,19.594,19.4
2023-05-28,20.669,20.492
2023-05-29,20.751,20.665
2023-05-30,21.347,21.077
2023-05-31,20.684,20.32
2023-06-01,20.79,20.612
2023-06-02,21.184,20.947
2023-06-03,21.175,21.091
2023-06-04,22.149,21.842
2023-06-05,21.538,21.408
2023-06-06,20.063,19.29
2023-06-07,19.8,19.4
2023-06-08,18.899,18.715
2023-06-09,19.114,18.928
2023-06-10,14.906,14.644
2023-06-11,15.495,15.235
2023-06-12,15.47,15.125
2023-06-13,15.396,15.055
2023-06-14,15.175,14.98
2023-06-15,14.807,14.551
2023-06-16,14.683,14.563
2023-06-17,15.89,15.64
2023-06-18,15.714,15.602
2023-06-19,15.697,15.466
2023-06-20,16.09,15.732
2023-06-21,16.798,16.575
2023-06-22,17.093,16.925
2023-06-23,16.396,16.129
2023-06-24,17.22,17.069
2023-06-25,17.041,16.8
2023-06-26,17.115,16.924
2023-06-27,16.83,16.541
2023-06-28,16.291,16.126
2023-06-29,17.944,17.4
2023-06-30,19.238,16.991
2023-07-01,18.474,18.327
2023-07-02,19.048,18.85
2023-07-03,19.275,19.01
2023-07-04,19.549,19.319
2023-07-05,18.847,18.649
2023-07-06,19.831,18.803
2023-07-07,21.3,20.581
2023-07-08,21.899,21.466
2023-07-09,21.717,21.493
2023-07-10,20.931,20.688
2023-07-11,22.248,21.892
2023-07-12,22.574,22.185
2023-07-13,22.494,22.034
2023-07-14,28.109,27.462
2023-07-15,28.544,28.054
2023-07-16,28.708,28.015
2023-07-17,27.386,26.905
2023-07-18,25.7,25.108
2023-07-19,26.733,26.095
2023-07-20,27.13,26.66
2023-07-21,25.591,25.233
2023-07-22,25.75,25.58
2023-07-23,24.646,24.513
2023-07-24,23.637,23.364
2023-07-25,23.58,22.964
2023-07-26,24.706,24.288
2023-07-27,25.558,25.282
2023-07-28,24.989,24.673
2023-07-29,25.148,25.018
2023-07-30,24.878,24.706
2023-07-31,24.532,24.172
2023-08-01,23.452,23.284
2023-08-02,23.505,23.157
2023-08-03,22.942,22.689
2023-08-04,23.55,23.182
2023-08-05,22.769,22.573
2023-08-06,23.052,22.844
2023-08-07,23.01,22.711
2023-08-08,23.415,23.175
2023-08-09,24.932,24.54
2023-08-10,24.885,24.587
2023-08-11,24.732,24.458
2023-08-12,24.588,24.491
2023-08-13,24.674,24.507
2023-08-14,24.545,24.364
2023-08-15,24.927,24.62
2023-08-16,23.212,22.908
2023-08-17,23.377,23.103
2023-08-18,22.046,21.834
2023-08-19,21.819,21.691
2023-08-20,21.951,21.843
2023-08-21,21.404,21.049
2023-08-22,20.971,20.742
2023-08-23,20.873,20.493
2023-08-24,21.612,21.372
2023-08-25,20.889,20.455
2023-08-26,20.292,20.224
2023-08-27,20.799,20.61
2023-08-28,20.607,20.438
2023-08-29,21.398,20.182
2023-08-30,21.49,21.086
2023-08-31,20.788,20.39
2023-09-01,19.805,19.504
2023-09-02,19.53,19.352
2023-09-03,19.434,19.32
2023-09-04,19.638,19.464
2023-09-05,20.421,19.583
2023-09-06,19.804,19.326
2023-09-07,19.548,19.312
2023-09-08,19.692,19.551
2023-09-09,19.525,19.455
2023-09-10,18.393,18.21
2023-09-11,18.008,17.333
2023-09-12,18.312,17.955
2023-09-13,18.151,17.955
2023-09-14,19.106,18.8
2023-09-15,19.005,18.828
2023-09-16,18.963,18.87
2023-09-17,19.028,18.95
2023-09-18,19.878,19.668
2023-09-19,20.057,19.794
2023-09-20,20.298,19.931
2023-09-21,19.49,19.273
2023-09-22,19.625,19.462
2023-09-23,19.429,19.341
2023-09-24,19.595,19.47
2023-09-25,19.666,19.483
2023-09-26,19.323,19.171
2023-09-27,19.422,18.99
2023-09-28,19.294,19.168
2023-09-29,20.215,20.004
2023-09-30,21.09,20.75
2023-10-01,23.301,23.0
2023-10-02,24.06,23.568
2023-10-03,24.615,24.078
2023-10-04,23.248,22.88
2023-10-05,23.523,23.231
2023-10-06,23.156,22.793
2023-10-07,23.486,23.352
2023-10-08,23.409,23.231
2023-10-09,22.374,22.197
2023-10-10,22.477,22.059
2023-10-11,22.322,22.091
2023-10-12,21.416,21.253
2023-10-13,21.578,21.433
2023-10-14,22.021,21.871
2023-10-15,21.928,21.68
2023-10-16,25.048,22.892
2023-10-17,23.927,23.38
2023-10-18,23.868,23.642
2023-10-19,24.363,24.111
2023-10-20,27.096,26.54
2023-10-21,29.135,28.73
2023-10-22,28.875,28.557
2023-10-23,29.291,28.802
2023-10-24,31.747,31.249
2023-10-25,33.086,32.597
2023-10-26,32.393,31.8
2023-10-27,32.828,32.231
2023-10-28,31.999,31.783
2023-10-29,32.704,32.224
2023-10-30,35.055,34.615
2023-10-31,36.374,35.717
2023-11-01,40.66,38.908
2023-11-02,43.84,42.19
2023-11-03,40.315,39.004
2023-11-04,42.034,41.405
2023-11-05,41.519,40.44
2023-11-06,40.474,39.9
2023-11-07,42.091,41.662
2023-11-08,43.364,43.027
2023-11-09,49.0,47.115
2023-11-10,50.919,48.646
2023-11-11,63.298,57.973
2023-11-12,59.695,58.65
2023-11-13,59.959,56.632
2023-11-14,58.191,53.217
2023-11-15,62.66,61.366
2023-11-16,63.392,61.537
2023-11-17,58.89,57.111
2023-11-18,57.567,55.886
2023-11-19,60.224,59.241
2023-11-20,60.509,56.971
2023-11-21,56.212,54.615
2023-11-22,55.632,54.54
2023-11-23,57.85,57.295
2023-11-24,57.898,57.323
2023-11-25,58.464,57.973
2023-11-26,57.848,57.028
2023-11-27,55.05,54.206
2023-11-28,56.399,55.946
2023-11-29,61.66,60.238
2023-11-30,60.93,59.633
2023-12-01,60.798,60.101
2023-12-02,62.622,62.02
2023-12-03,63.66,62.828
2023-12-04,61.208,59.904
2023-12-05,60.758,60.037
2023-12-06,63.578,62.924
2023-12-07,64.285,63.65
2023-12-08,73.799,72.353
2023-12-09,76.937,75.879
2023-12-10,73.488,72.221
2023-12-11,68.879,67.081
2023-12-12,71.855,69.739
2023-12-13,67.568,66.43
2023-12-14,72.539,67.0
2023-12-15,76.605,75.254
2023-12-16,75.912,74.95
2023-12-17,72.429,71.389
2023-12-18,71.013,69.59
2023-12-19,75.188,73.7
2023-12-20,79.465,77.82
2023-12-21,88.89,85.81
2023-12-22,94.858,92.064
2023-12-23,96.544,95.577
2023-12-24,114.5,111.385
2023-12-25,115.892,113.8
2023-12-26,116.205,113.12
2023-12-27,113.238,107.066
2023-12-28,102.126,98.0
2023-12-29,109.536,106.637
2023-12-30,104.307,102.55
2023-12-31,103.849,103.033
2024-01-01,105.9,104.4
2024-01-02,114.249,112.0
2024-01-03,99.824,95.0
2024-01-04,100.955,98.1
2024-01-05,101.195,99.003
2024-01-06,96.381,93.416
2024-01-07,96.764,95.508
2024-01-08,95.0,93.3
2024-01-09,102.359,99.771
2024-01-10,94.883,92.758
2024-01-11,106.635,103.66
2024-01-12,98.933,97.62
2024-01-13,92.69,91.236
2024-01-14,98.476,96.417
2024-01-15,95.816,94.5
2024-01-16,96.674,95.607
2024-01-17,102.072,100.06
2024-01-18,99.19,97.725
2024-01-19,94.697,92.831
2024-01-20,92.129,91.017
2024-01-21,93.651,93.104
2024-01-22,89.489,87.026
2024-01-23,80.734,79.0
2024-01-24,86.491,85.227
2024-01-25,87.533,86.444
2024-01-26,91.352,90.1
2024-01-27,92.661,91.902
2024-01-28,98.27,97.264
2024-01-29,97.0,95.76
2024-01-30,105.603,103.5
2024-01-31,100.87,98.36
2024-02-01,96.558,95.25
2024-02-02,101.593,98.357
2024-02-03,98.598,97.5
2024-02-04,98.168,97.544
2024-02-05,98.659,97.59
2024-02-06,94.762,93.654
2024-02-07,95.746,95.125
2024-02-08,104.974,101.656
2024-02-09,106.455,104.36
2024-02-10,108.458,107.134
2024-02-11,109.55,108.64
2024-02-12,105.514,104.103
2024-02-13,113.264,108.571
2024-02-14,118.837,116.833
2024-02-15,116.5,115.302
2024-02-16,112.813,110.682
2024-02-17,107.715,106.509
2024-02-18,111.952,111.091
2024-02-19,114.512,112.242
2024-02-20,110.899,108.491
2024-02-21,103.519,101.23
2024-02-22,104.435,103.236
2024-02-23,102.94,101.634
2024-02-24,102.608,101.956
2024-02-25,103.227,102.59
2024-02-26,102.743,101.5
2024-02-27,110.585,109.151
2024-02-28,113.496,110.521
2024-02-29,134.835,131.375
2024-03-01,135.173,133.017
2024-03-02,130.6,127.655
2024-03-03,129.149,128.229
2024-03-04,133.207,129.265
2024-03-05,133.289,131.61
2024-03-06,129.628,126.557
2024-03-07,147.805,142.69
2024-03-08,150.192,147.895
2024-03-09,146.664,145.574
2024-03-10,145.276,143.7
2024-03-11,149.644,146.403
2024-03-12,152.197,148.237
2024-03-13,153.35,149.925
2024-03-14,170.537,164.55
2024-03-15,184.655,175.395
2024-03-16,193.761,188.0
2024-03-17,193.4,190.28
2024-03-18,207.982,203.01
2024-03-19,183.674,177.103
2024-03-20,175.204,171.632
2024-03-21,190.8,186.62
2024-03-22,172.907,167.7
2024-03-23,177.493,175.281
2024-03-24,177.5,175.233
2024-03-25,194.699,186.637
2024-03-26,194.468,190.545
2024-03-27,190.6,181.038
2024-03-28,187.586,184.167
2024-03-29,188.867,185.773
2024-03-30,197.787,196.326
2024-03-31,197.892,196.528
2024-04-01,197.944,193.88
2024-04-02,181.14,176.011
2024-04-03,191.338,186.0
2024-04-04,189.587,187.461
2024-04-05,175.871,172.726
2024-04-06,175.286,173.894
2024-04-07,182.083,180.768
2024-04-08,182.66,179.719
2024-04-09,175.993,172.596
2024-04-10,168.391,164.085
2024-04-11,175.5,170.655
2024-04-12,169.117,166.7
2024-04-13,152.148,150.302
2024-04-14,141.853,135.472
2024-04-15,152.082,146.912
2024-04-16,134.497,129.0
2024-04-17,134.931,128.882
2024-04-18,139.44,131.87
2024-04-19,144.92,141.622
2024-04-20,143.333,142.217
2024-04-21,150.611,148.375
2024-04-22,154.86,152.718
2024-04-23,157.798,153.814
2024-04-24,157.577,154.18
2024-04-25,146.4,143.062
2024-04-26,146.12,141.556
2024-04-27,139.748,137.703
2024-04-28,142.877,141.602
2024-04-29,136.883,134.05
2024-04-30,129.055,127.141
2024-05-01,123.999,122.105
2024-05-02,137.533,134.967
2024-05-03,143.976,141.55
2024-05-04,146.988,145.618
2024-05-05,147.076,145.775
2024-05-06,156.37,151.331
2024-05-07,155.268,152.437
2024-05-08,148.474,145.488
2024-05-09,144.033,141.55
2024-05-10,153.217,150.24
2024-05-11,145.446,144.35
2024-05-12,145.446,144.65
2024-05-13,147.25,144.879
2024-05-14,146.717,141.81
2024-05-15,153.118,150.337
2024-05-16,163.408,160.545
2024-05-17,168.3,165.987
2024-05-18,174.5,172.581
2024-05-19,169.399,167.28
2024-05-20,177.352,175.66
2024-05-21,181.4,177.718
2024-05-22,181.766,177.919
2024-05-23,173.709,168.294
2024-05-24,167.557,165.083
2024-05-25,168.276,166.586
2024-05-26,165.218,163.414
2024-05-27,169.16,167.352
2024-05-28,173.035,168.72
2024-05-29,169.245,167.911
2024-05-30,169.791,167.207
2024-05-31,169.825,166.256
2024-06-01,167.608,167.052
2024-06-02,166.066,165.203
2024-06-03,167.405,164.983
2024-06-04,167.135,165.884
2024-06-05,173.956,171.332
2024-06-06,173.548,172.5
2024-06-07,171.898,171.011
2024-06-08,160.656,158.329
2024-06-09,161.368,159.57
2024-06-10,159.207,157.692
2024-06-11,153.701,150.505
2024-06-12,160.293,158.128
2024-06-13,151.76,148.471
2024-06-14,148.62,145.172
2024-06-15,144.934,144.161
2024-06-16,146.867,145.156
2024-06-17,143.893,141.812
2024-06-18,137.026,132.8
2024-06-19,138.477,135.535
2024-06-20,136.257,132.427
2024-06-21,132.407,129.31
2024-06-22,134.642,133.82
2024-06-23,133.838,132.555
2024-06-24,129.772,127.226
2024-06-25,138.9,136.438
2024-06-26,139.427,136.901
2024-06-27,151.25,146.64
2024-06-28,145.635,142.302
2024-06-29,142.575,141.624
2024-06-30,142.443,141.439
2024-07-01,148.28,146.1
2024-07-02,151.843,147.65
2024-07-03,144.275,142.637
2024-07-04,133.668,129.724
2024-07-05,133.467,130.685
2024-07-06,140.482,138.065
2024-07-07,137.994,135.503
2024-07-08,141.561,136.673
2024-07-09,143.13,139.551
2024-07-10,142.45,140.921
2024-07-11,143.398,140.027
2024-07-12,139.2,137.03
2024-07-13,140.452,139.164
2024-07-14,144.546,143.476
2024-07-15,153.742,151.619
2024-07-16,157.199,154.333
2024-07-17,161.986,159.718
2024-07-18,161.53,159.25
2024-07-19,168.777,162.246
2024-07-20,168.66,167.22
2024-07-21,173.272,171.207
2024-07-22,181.837,178.058
2024-07-23,176.796,172.1
2024-07-24,179.541,176.924
2024-07-25,169.88,165.679
2024-07-26,184.0,178.752
2024-07-27,188.34,184.78
2024-07-28,186.575,184.8
2024-07-29,192.131,188.41
2024-07-30,182.64,178.601
2024-07-31,184.214,180.151
2024-08-01,170.295,167.5
2024-08-02,167.588,162.3
2024-08-03,152.853,151.265
2024-08-04,144.778,140.465
2024-08-05,129.887,109.903
2024-08-06,145.822,136.052
2024-08-07,154.447,148.722
2024-08-08,158.429,152.775
2024-08-09,157.266,153.076
2024-08-10,154.073,152.7
2024-08-11,151.85,149.978
2024-08-12,149.099,142.897
2024-08-13,147.61,145.699
2024-08-14,150.863,145.208
2024-08-15,145.447,143.78
2024-08-16,142.569,138.532
2024-08-17,140.387,139.402
2024-08-18,146.187,144.659
2024-08-19,144.552,141.584
2024-08-20,146.365,143.028
2024-08-21,142.42,138.689
2024-08-22,143.776,142.063
2024-08-23,147.076,143.511
2024-08-24,158.363,157.2
2024-08-25,159.784,158.092
2024-08-26,161.722,156.26
2024-08-27,155.486,153.535
2024-08-28,147.041,144.788
2024-08-29,145.85,144.632
2024-08-30,140.351,137.68
2024-08-31,137.02,135.489
2024-09-01,131.566,130.0
2024-09-02,131.662,129.888
2024-09-03,133.968,130.263
2024-09-04,130.9,128.128
2024-09-05,135.511,133.081
2024-09-06,134.181,128.403
2024-09-07,127.7,126.828
2024-09-08,129.1,127.855
2024-09-09,130.16,127.768
2024-09-10,136.0,133.27
2024-09-11,132.253,128.89
2024-09-12,135.961,133.807
2024-09-13,133.525,131.768
2024-09-14,137.789,136.577
2024-09-15,135.98,134.566
2024-09-16,132.336,130.668
2024-09-17,134.861,130.806
2024-09-18,129.774,127.701
2024-09-19,141.619,140.009
2024-09-20,148.656,145.9
2024-09-21,148.843,147.336
2024-09-22,144.358,143.04
2024-09-23,145.453,142.737
2024-09-24,148.443,144.532
2024-09-25,151.496,149.723
2024-09-26,155.845,151.215
2024-09-27,160.666,155.54
2024-09-28,157.875,156.55
2024-09-29,157.5,156.698
2024-09-30,157.288,155.682
2024-10-01,155.176,152.362
2024-10-02,146.668,142.66
2024-10-03,138.487,134.921
2024-10-04,142.0,138.042
2024-10-05,143.486,142.605
2024-10-06,145.498,144.04
2024-10-07,151.358,146.685
2024-10-08,145.472,142.61
2024-10-09,142.184,140.021
2024-10-10,139.746,136.12
2024-10-11,143.911,142.638
2024-10-12,146.748,146.095
2024-10-13,147.957,146.645
2024-10-14,155.36,152.5
2024-10-15,159.98,152.87
2024-10-16,156.87,153.78
2024-10-17,153.21,151.1
2024-10-18,154.71,152.64
2024-10-19,155.58,154.43
2024-10-20,159.5,157.73
2024-10-21,165.5,161.35
2024-10-22,169.2,164.79
2024-10-23,169.5,167.3
2024-10-24,176.33,174.38
2024-10-25,177.56,172.77
2024-10-26,169.22,167.4
2024-10-27,176.93,175.51
2024-10-28,177.4,173.58
2024-10-29,180.65,178.31
2024-10-30,177.24,174.11
2024-10-31,173.91,170.2
2024-11-01,173.99,169.67
2024-11-02,165.77,163.0
2024-11-03,163.09,159.85
2024-11-04,164.57,163.02
2024-11-05,165.36,163.19
2024-11-06,187.577,186.19
2024-11-07,188.21,185.98
2024-11-08,205.33,202.69
2024-11-09,201.08,198.54
2024-11-10,209.9,205.47
2024-11-11,219.36,215.44
2024-11-12,211.16,205.01
2024-11-13,215.41,207.59
2024-11-14,217.09,213.61
2024-11-15,215.44,212.1
2024-11-16,220.65,217.0
2024-11-17,233.46,229.44
2024-11-18,241.67,238.2
2024-11-19,243.98,238.56
2024-11-20,242.58,236.67
2024-11-21,247.49,244.56
2024-11-22,257.24,253.0
2024-11-23,261.93,258.7
2024-11-24,248.57,244.69
2024-11-25,249.72,246.0
2024-11-26,229.66,225.8
2024-11-27,237.92,235.46
2024-11-28,237.78,234.05
2024-11-29,243.91,242.66
2024-11-30,241.81,240.55
2024-12-01,238.89,237.45
2024-12-02,226.88,224.61
2024-12-03,224.01,215.87
2024-12-04,232.69,230.07
2024-12-05,241.92,238.34
2024-12-06,236.65,231.93
2024-12-07,239.76,237.73
2024-12-08,237.84,236.44
2024-12-09,229.89,228.3
2024-12-10,217.74,211.92
2024-12-11,227.4,224.88
2024-12-12,233.3,228.51
2024-12-13,224.44,221.99
2024-12-14,222.47,220.33
2024-12-15,220.69,219.25
2024-12-16,216.706,215.01
2024-12-17,225.35,221.52
2024-12-18,217.88,215.23
2024-12-19,209.48,207.08
2024-12-20,189.02,182.24
2024-12-21,187.15,183.09
2024-12-22,186.75,181.54
2024-12-23,184.73,181.11
2024-12-24,195.69,192.96
2024-12-25,198.68,195.87
2024-12-26,190.09,188.02
2024-12-27,190.31,188.34
2024-12-28,190.1,187.33
2024-12-29,197.68,194.21
2024-12-30,191.3,188.55
2024-12-31,198.1,194.71
2025-01-01,191.4,189.58
2025-01-02,208.82,206.64
2025-01-03,215.67,211.92
2025-01-04,217.16,216.14
2025-01-05,214.54,211.54
2025-01-06,218.81,216.61
2025-01-07,214.26,212.96
2025-01-08,198.46,196.53
2025-01-09,189.3,185.02
2025-01-10,190.58,184.86
2025-01-11,187.15,185.75
2025-01-12,188.69,187.62
2025-01-13,177.51,174.76
2025-01-14,189.12,185.82
2025-01-15,197.08,187.37
2025-01-16,211.53,208.4
2025-01-17,222.09,219.56
2025-01-18,243.94,239.06
2025-01-19,289.0,268.54
2025-01-20,257.98,251.01
2025-01-21,244.61,238.66
2025-01-22,264.9,257.6
2025-01-23,247.5,243.6
2025-01-24,269.77,264.83
2025-01-25,250.74,248.91
2025-01-26,256.63,253.53
2025-01-27,234.93,229.1
2025-01-28,237.95,233.63
2025-01-29,228.81,226.0
2025-01-30,241.84,239.06
2025-01-31,241.5,238.53
2025-02-01,229.14,226.43
2025-02-02,214.03,209.88
2025-02-03,196.78,189.72
2025-02-04,213.14,209.21
2025-02-05,206.44,203.98
2025-02-06,200.56,197.41
2025-02-07,202.64,196.16
2025-02-08,196.32,193.7
2025-02-09,199.42,196.3
2025-02-10,208.9,203.18
2025-02-11,201.01,197.62
2025-02-12,198.3,189.29
2025-02-13,192.22,188.7
2025-02-14,198.55,196.47
2025-02-15,195.77,193.54
2025-02-16,192.58,189.42
2025-02-17,186.85,184.38
2025-02-18,170.84,168.36
2025-02-19,172.57,169.76
2025-02-20,175.79,172.38
2025-02-21,180.39,178.29
2025-02-22,173.99,172.53
2025-02-23,169.84,169.0
2025-02-24,160.34,157.0
2025-02-25,139.92,137.02
2025-02-26,137.29,134.58
2025-02-27,141.22,138.63
2025-02-28,146.18,137.03
2025-03-01,140.35,138.5
2025-03-02,141.84,140.14
2025-03-03,166.94,162.34
2025-03-04,136.86,132.55
2025-03-05,145.3,142.8
2025-03-06,148.79,146.33
2025-03-07,147.28,142.6
2025-03-08,138.68,137.3
2025-03-09,135.2,132.55
2025-03-10,128.15,120.61
2025-03-11,125.21,119.81
2025-03-12,128.87,124.61
2025-03-13,126.74,123.54
2025-03-14,129.7,126.34
2025-03-15,135.73,134.23
2025-03-16,129.3,127.39
2025-03-17,128.78,126.12
2025-03-18,123.54,121.66
2025-03-19,132.71,127.65
2025-03-20,132.22,129.62
2025-03-21,127.64,125.28
2025-03-22,129.65,129.08
2025-03-23,133.79,131.95
2025-03-24,144.9,142.58
2025-03-25,146.72,143.43
2025-03-26,144.38,139.17
2025-03-27,138.07,135.5
2025-03-28,131.6,129.05
2025-03-29,126.74,125.63
2025-03-30,124.64,123.0
2025-03-31,127.03,123.12
2025-04-01,128.34,124.55
2025-04-02,128.0,125.06
2025-04-03,115.54,112.79
2025-04-04,117.36,114.01
2025-04-05,118.57,117.09
2025-04-06,115.59,114.2
2025-04-07,113.18,100.67
2025-04-08,112.14,109.25
2025-04-09,107.16,104.06
2025-04-10,113.85,111.79
2025-04-11,121.54,118.45
2025-04-12,130.35,126.4
2025-04-13,129.23,126.72
2025-04-14,133.73,131.05
2025-04-15,134.41,129.72
2025-04-16,126.77,124.39
2025-04-17,133.56,130.98
2025-04-18,134.81,133.75
2025-04-19,139.66,139.03
2025-04-20,137.98,136.82
2025-04-21,139.79,136.65
2025-04-22,144.84,141.81
2025-04-23,154.14,149.01
2025-04-24,151.05,147.9
2025-04-25,155.73,152.07
2025-04-26,149.0,147.66
2025-04-27,149.71,147.71
2025-04-28,149.81,147.56
2025-04-29,148.28,146.8
2025-04-30,143.11,140.25
2025-05-01,152.49,150.5
2025-05-02,151.37,150.08
2025-05-03,148.76,148.0
2025-05-04,146.12,144.86
2025-05-05,145.4,143.31
2025-05-06,143.9,141.3
2025-05-07,147.48,146.35
2025-05-08,155.63,154.17
2025-05-09,173.42,168.51
2025-05-10,171.97,170.18
2025-05-11,173.04,170.72
2025-05-12,181.44,175.26
2025-05-13,175.74,172.61
2025-05-14,181.0,176.35
2025-05-15,171.8,167.47
2025-05-16,174.0,172.01
2025-05-17,167.76,165.73
2025-05-18,172.98,171.45
2025-05-19,163.51,160.92
2025-05-20,166.3,164.4
2025-05-21,170.58,168.57
2025-05-22,179.05,176.92
2025-05-23,180.77,177.21
2025-05-24,176.46,174.95
2025-05-25,172.57,171.36
2025-05-26,178.12,176.08
2025-05-27,179.37,176.67
2025-05-28,174.42,171.22
2025-05-29,171.84,168.8
2025-05-30,162.46,160.0
2025-05-31,155.86,154.4
2025-06-01,153.73,151.57
2025-06-02,154.42,151.52
2025-06-03,161.45,159.35
2025-06-04,156.81,154.51
2025-06-05,154.18,148.32
2025-06-06,152.2,150.47
2025-06-07,152.34,151.29
2025-06-08,151.36,149.4
2025-06-09,155.09,152.93
2025-06-10,160.91,157.59
2025-06-11,167.92,165.11
2025-06-12,160.24,157.74
2025-06-13,146.41,143.99
2025-06-14,145.7,144.91
2025-06-15,148.93,146.88
2025-06-16,157.24,154.97
2025-06-17,150.71,149.05
2025-06-18,146.68,143.73
2025-06-19,145.22,143.72
2025-06-20,147.46,145.4
2025-06-21,141.94,140.14
2025-06-22,129.57,126.41
2025-06-23,137.46,132.79
2025-06-24,145.43,143.35
2025-06-25,147.93,144.64
2025-06-26,143.16,141.3
2025-06-27,143.45,141.34
2025-06-28,147.08,145.81
2025-06-29,152.49,151.05
2025-06-30,151.48,149.84
2025-07-01,149.2,146.69
2025-07-02,150.59,147.99
2025-07-03,154.94,152.3
2025-07-04,150.13,147.39
2025-07-05,148.38,147.52
2025-07-06,152.03,149.3
2025-07-07,153.37,151.09
2025-07-08,152.83,150.85
2025-07-09,155.48,153.23
2025-07-10,158.31,156.09
2025-07-11,167.85,164.22
2025-07-12,160.41,158.17
2025-07-13,164.12,162.06
2025-07-14,168.64,166.14
2025-07-15,162.13,159.85
2025-07-16,167.39,166.16
2025-07-17,175.58,172.67
2025-07-18,182.06,177.29
2025-07-19,177.87,175.95
2025-07-20,183.17,181.43
2025-07-21,193.62,191.42
2025-07-22,202.56,196.89
2025-07-23,194.42,187.61
2025-07-24,187.41,183.34
2025-07-25,181.4,178.22
2025-07-26,188.17,186.77
2025-07-27,186.65,185.4
2025-07-28,191.76,186.93
2025-07-29,184.91,180.44
2025-07-30,179.14,176.56
2025-07-31,178.13,175.58
2025-08-01,169.0,164.42
2025-08-02,164.88,163.0
2025-08-03,161.5,160.34
2025-08-04,166.81,163.27
2025-08-05,168.04,163.76
2025-08-06,166.25,163.03
2025-08-07,172.57,170.07
2025-08-08,179.04,175.67
2025-08-09,181.09,178.79
2025-08-10,180.84,178.44
2025-08-11,180.15,177.42
2025-08-12,178.46,175.84
2025-08-13,205.07,197.72
2025-08-14,196.97,192.12
2025-08-15,193.48,189.5
2025-08-16,189.14,186.82
2025-08-17,193.51,191.84
2025-08-18,183.23,180.39
2025-08-19,183.37,179.2
2025-08-20,181.67,177.44
2025-08-21,186.36,183.56
2025-08-22,193.26,177.84
2025-08-23,203.11,200.65
2025-08-24,206.14,204.06
2025-08-25,199.44,195.54
2025-08-26,191.0,187.62
2025-08-27,205.95,202.48
2025-08-28,216.87,211.58
2025-08-29,211.88,206.64
2025-08-30,199.29,197.87
2025-08-31,202.98,201.39
2025-09-01,200.78,198.81
2025-09-02,205.06,198.35
2025-09-03,212.95,210.08
2025-09-04,208.24,204.57
2025-09-05,209.95,204.72
2025-09-06,202.56,201.29
2025-09-07,203.9,203.03
2025-09-08,215.18,212.92
2025-09-09,218.47,215.26
2025-09-10,225.95,222.48
2025-09-11,228.9,225.56
2025-09-12,241.76,237.84
2025-09-13,242.71,237.69
2025-09-14,245.74,242.65
2025-09-15,236.98,232.52
2025-09-16,235.48,231.18
2025-09-17,235.89,234.04
2025-09-18,248.31,244.83
2025-09-19,242.59,240.51
2025-09-20,237.95,236.91
2025-09-21,240.19,238.84
2025-09-22,223.89,221.21
2025-09-23,220.58,218.5
2025-09-24,213.74,211.33
2025-09-25,203.25,198.9
2025-09-26,197.27,194.31
2025-09-27,203.49,202.46
2025-09-28,201.53,199.3
2025-09-29,212.11,205.87
2025-09-30,209.58,205.96
2025-10-01,220.38,218.21
2025-10-02,226.79,224.96
2025-10-03,230.97,227.0
2025-10-04,229.48,228.29
2025-10-05,231.92,230.76
2025-10-06,235.65,232.55
2025-10-07,231.41,224.34
2025-10-08,224.09,218.72
2025-10-09,225.27,220.9
2025-10-10,224.35,221.75
2025-10-11,184.36,180.18
2025-10-12,180.85,178.02
2025-10-13,196.89,192.36
2025-10-14,198.73,191.4
2025-10-15,204.84,197.96
2025-10-16,198.34,191.27
2025-10-17,182.07,177.89
2025-10-18,185.63,183.87
2025-10-19,191.59,188.62
2025-10-20,192.94,190.64
2025-10-21,189.5,183.84
2025-10-22,186.92,182.16
2025-10-23,192.52,188.0
2025-10-24,193.33,189.42
2025-10-25,193.06,191.94
2025-10-26,199.83,198.3
2025-10-27,200.49,198.18
2025-10-28,202.95,201.21
2025-10-29,201.32,198.66
2025-10-30,187.81,184.3
2025-10-31,188.61,185.83
2025-11-01,186.17,183.58
2025-11-02,185.27,183.9
2025-11-03,176.83,175.09
2025-11-04,162.58,159.7
2025-11-05,159.84,157.68
2025-11-06,161.48,158.41
2025-11-07,152.95,151.13
2025-11-08,159.35,156.73
2025-11-09,162.37,159.16
2025-11-10,170.4,167.65
2025-11-11,163.71,161.87
2025-11-12,160.98,159.66
2025-11-13,155.17,153.0
2025-11-14,139.87,135.84
2025-11-15,141.88,140.82
2025-11-16,140.09,138.69
2025-11-17,140.83,136.69
2025-11-18,139.38,136.78
2025-11-19,138.85,135.85
2025-11-20,143.44,138.9
2025-11-21,128.21,126.07
2025-11-22,127.45,125.15
2025-11-23,132.7,130.66
2025-11-24,130.35,129.01
2025-11-25,136.88,135.07
2025-11-26,137.13,135.62
2025-11-27,141.67,140.62
2025-11-28,143.49,140.99
2025-11-29,136.93,136.46
2025-11-30,140.15,138.5
2025-12-01,127.09,125.91
2025-12-02,132.0,130.3
2025-12-03,141.92,138.61
2025-12-04,143.04,141.74
2025-12-05,136.88,135.26
2025-12-06,133.93,132.75
2025-12-07,131.96,128.16
2025-12-08,139.28,137.46
2025-12-09,133.23,131.56
2025-12-10,138.0,137.05
2025-12-11,131.45,130.71
2025-12-12,139.47,138.57
2025-12-13,133.35,132.55
2025-12-14,131.72,130.92
2025-12-15,135.4,132.13
2025-12-16,129.87,126.05
2025-12-17,129.76,127.77
2025-12-18,127.91,124.43
2025-12-19,126.49,125.1
2025-12-20,126.09,125.36
2025-12-21,124.65,123.3
2025-12-22,127.5,126.24
2025-12-23,124.58,122.66
2025-12-24,122.35,121.65
2025-12-25,122.29,121.7
2025-12-26,125.12,123.96
2025-12-27,123.07,122.69
2025-12-28,124.82,124.47
2025-12-29,123.86,122.15
2025-12-30,124.83,123.48
2025-12-31,127.4,125.88
2026-01-01,125.07,124.34
2026-01-02,128.64,127.08
2026-01-03,131.9,131.01
2026-01-04,134.73,133.88
2026-01-05,134.28,133.09
2026-01-06,143.45,138.66
2026-01-07,138.44,136.76
2026-01-08,134.55,133.36
2026-01-09,139.47,137.12
2026-01-10,136.42,136.03
2026-01-11,137.89,136.86
2026-01-12,140.05,138.59
2026-01-13,143.5,141.57
2026-01-14,146.52,143.98
2026-01-15,145.57,144.42
2026-01-16,143.53,142.59
2026-01-17,143.98,143.51
2026-01-18,142.67,141.97
2026-01-19,134.02,133.2
2026-01-20,129.05,127.75
2026-01-21,129.17,126.74
2026-01-22,130.89,128.66
2026-01-23,127.25,126.55
2026-01-24,127.2,126.75
2026-01-25,126.98,125.6
2026-01-26,123.45,122.69
2026-01-27,124.46,123.06
2026-01-28,127.83,126.48
2026-01-29,123.04,122.4
2026-01-30,116.88,115.11
2026-01-31,114.83,109.0
